MatchID,PlayerID,Minutes,Points,FGM,FGA,FGPercentage,3PM,3PA,3PPercentage,FTM,FTA,FTPercentage,OREB,DREB,REB,AST,STL,BLK,TOV,PF,ScoreDiff
R0001,RAP022,27,9,2,10,20,1,3,33.3,4,6,66.7,4,3,7,1,2,3,2,6,-1
R0001,RAP020,20,13,6,8,75,1,1,100,0,0,,0,2,2,2,0,1,0,2,11
R0001,RAP019,18,4,2,3,66.7,0,1,0,0,0,,0,0,0,0,1,0,1,1,-2
R0001,RAP018,12,5,2,3,66.7,1,2,50,0,0,,0,0,0,0,0,0,0,4,0
R0001,RAP015,0,0,0,0,,0,0,,0,0,,0,0,0,0,0,0,0,0,0
R0001,RAP014,1,0,0,0,,0,0,,0,0,,0,1,1,0,0,0,0,0,-1
R0001,RAP013,36,27,10,12,83.3,5,6,83.3,2,3,66.7,0,1,1,8,1,1,3,1,12
R0001,RAP012,37,24,9,22,40.9,1,3,33.3,5,6,83.3,1,11,12,2,0,0,2,3,13
R0001,RAP010,20,6,3,8,37.5,0,2,0,0,0,,2,10,12,3,0,0,0,2,13
R0001,RAP006,25,14,6,14,42.9,1,5,20,1,3,33.3,0,2,2,5,0,0,1,4,-4
R0001,RAP003,33,11,4,9,44.4,3,7,42.9,0,0,,1,4,5,0,2,2,0,3,15
R0001,RAP002,10,3,1,3,33.3,1,3,33.3,0,2,0,0,1,1,0,0,0,0,3,4
R0002,RAP022,34,21,10,14,71.4,1,2,50,0,1,0,4,2,6,2,0,1,1,2,16
R0002,RAP020,18,4,2,6,33.3,0,2,0,0,0,,0,5,5,2,0,0,2,1,0
R0002,RAP019,21,9,4,6,66.7,1,3,33.3,0,0,,2,2,4,0,0,0,1,4,-1
R0002,RAP018,10,2,1,5,20,0,0,,0,0,,0,2,2,1,1,0,0,1,-5
R0002,RAP013,34,15,5,8,62.5,3,5,60,2,4,50,0,6,6,6,0,0,0,3,18
R0002,RAP012,36,31,10,25,40,2,5,40,9,9,100,2,8,10,3,1,0,3,1,17
R0002,RAP010,14,4,1,3,33.3,0,0,,2,2,100,1,4,5,0,0,0,2,4,-4
R0002,RAP006,28,11,4,11,36.4,2,7,28.6,1,3,33.3,2,4,6,7,0,0,2,1,2
R0002,RAP003,32,14,5,8,62.5,4,7,57.1,0,0,,1,4,5,3,1,1,1,1,25
R0002,RAP002,12,2,1,6,16.7,0,4,0,0,0,,0,0,0,0,0,1,0,1,-8
R0003,RAP022,27,16,4,10,40,0,1,0,8,10,80,3,6,9,0,1,1,2,2,1
R0003,RAP020,26,10,4,8,50,1,1,100,1,3,33.3,4,6,10,2,1,1,2,6,9
R0003,RAP019,29,12,5,10,50,2,4,50,0,0,,1,3,4,1,1,0,1,5,-1
R0003,RAP018,24,7,3,5,60,1,2,50,0,0,,1,4,5,0,0,1,3,1,20
R0003,RAP014,9,0,0,1,0,0,1,0,0,0,,0,1,1,0,0,0,1,1,-5
R0003,RAP013,35,28,10,21,47.6,4,9,44.4,4,4,100,1,2,3,12,1,1,4,1,1
R0003,RAP010,19,16,5,8,62.5,0,0,,6,7,85.7,2,5,7,1,0,1,1,4,5
R0003,RAP006,27,13,4,9,44.4,1,2,50,4,5,80,0,4,4,5,0,0,1,2,-6
R0003,RAP003,31,5,1,9,11.1,1,8,12.5,2,2,100,0,3,3,0,1,0,0,5,2
R0003,RAP002,13,10,3,7,42.9,0,1,0,4,5,80,2,4,6,0,0,0,2,2,-6
R0004,RAP022,24,15,7,12,58.3,0,3,0,1,2,50,0,8,8,1,0,1,4,3,15
R0004,RAP020,20,4,2,4,50,0,1,0,0,0,,1,4,5,2,0,0,2,3,16
R0004,RAP019,25,5,2,7,28.6,1,4,25,0,0,,1,3,4,1,0,1,1,0,8
R0004,RAP018,16,9,3,7,42.9,1,4,25,2,2,100,0,4,4,1,1,0,1,3,-9
R0004,RAP015,4,3,1,2,50,1,2,50,0,0,,0,0,0,0,0,0,0,1,0
R0004,RAP014,4,2,1,1,100,0,0,,0,0,,0,0,0,2,0,0,0,0,0
R0004,RAP013,32,16,5,9,55.6,3,6,50,3,3,100,0,2,2,14,2,1,1,2,25
R0004,RAP012,31,22,9,14,64.3,4,7,57.1,0,0,,0,4,4,3,2,0,1,2,27
R0004,RAP010,20,17,7,8,87.5,0,0,,3,4,75,2,8,10,2,2,2,0,2,6
R0004,RAP007,4,2,1,1,100,0,0,,0,0,,1,1,2,1,0,0,0,0,0
R0004,RAP006,19,8,4,9,44.4,0,2,0,0,0,,0,0,0,4,1,0,1,2,2
R0004,RAP003,26,16,6,8,75,4,6,66.7,0,0,,0,6,6,2,1,2,1,2,18
R0004,RAP002,16,8,2,5,40,1,4,25,3,3,100,0,1,1,3,1,1,1,1,-3
R0005,RAP022,28,15,7,10,70,0,1,0,1,2,50,3,4,7,1,0,0,2,3,3
R0005,RAP020,20,9,4,6,66.7,1,1,100,0,1,0,2,2,4,3,1,2,0,3,7
R0005,RAP019,28,6,2,7,28.6,2,6,33.3,0,0,,0,5,5,1,1,1,0,3,0
R0005,RAP018,13,10,4,8,50,1,4,25,1,1,100,0,1,1,2,1,0,1,0,7
R0005,RAP014,12,2,1,4,25,0,2,0,0,0,,0,1,1,2,0,0,2,0,1
R0005,RAP013,35,13,4,9,44.4,1,4,25,4,4,100,0,6,6,10,4,0,6,4,13
R0005,RAP012,35,35,15,23,65.2,2,4,50,3,4,75,1,4,5,2,2,2,3,2,2
R0005,RAP010,20,16,7,11,63.6,2,3,66.7,0,0,,5,4,9,2,0,0,1,3,4
R0005,RAP004,5,0,0,0,,0,0,,0,0,,0,0,0,0,0,1,0,0,-13
R0005,RAP003,31,6,2,8,25,2,5,40,0,0,,0,4,4,3,0,1,1,0,17
R0005,RAP002,12,0,0,3,0,0,2,0,0,0,,0,2,2,0,0,1,0,0,-6
R0006,RAP022,26,11,5,13,38.5,0,3,0,1,1,100,2,6,8,1,0,2,5,2,-3
R0006,RAP020,37,10,4,8,50,0,2,0,2,2,100,1,6,7,3,1,0,3,3,11
R0006,RAP018,19,2,1,1,100,0,0,,0,0,,0,2,2,0,1,0,1,1,8
R0006,RAP015,8,1,0,1,0,0,1,0,1,2,50,1,0,1,0,0,0,0,1,2
R0006,RAP014,15,9,4,8,50,1,2,50,0,0,,0,1,1,1,2,0,1,2,5
R0006,RAP013,36,20,8,14,57.1,3,6,50,1,2,50,0,4,4,12,0,1,0,2,6
R0006,RAP012,35,21,7,16,43.8,1,3,33.3,6,6,100,1,8,9,5,3,1,0,0,5
R0006,RAP010,22,17,7,16,43.8,0,1,0,3,4,75,5,3,8,1,1,0,1,4,12
R0006,RAP003,30,15,4,8,50,4,7,57.1,3,3,100,2,6,8,0,1,1,0,3,4
R0006,RAP002,11,10,4,6,66.7,2,2,100,0,0,,0,2,2,0,1,0,1,4,-5
R0007,RAP022,29,30,12,21,57.1,2,5,40,4,4,100,2,7,9,1,0,1,0,3,7
R0007,RAP020,33,22,10,16,62.5,0,4,0,2,3,66.7,2,6,8,2,4,1,2,2,-11
R0007,RAP018,27,8,2,3,66.7,2,3,66.7,2,2,100,0,3,3,3,0,0,0,2,-12
R0007,RAP015,13,3,1,6,16.7,1,6,16.7,0,0,,0,3,3,0,0,0,1,2,4
R0007,RAP014,19,5,2,9,22.2,1,5,20,0,0,,1,3,4,2,1,2,1,3,-7
R0007,RAP013,34,9,3,14,21.4,0,9,0,3,5,60,2,4,6,15,2,1,4,3,-10
R0007,RAP011,2,0,0,0,,0,0,,0,0,,1,0,1,0,0,0,0,0,8
R0007,RAP010,13,10,3,10,30,0,1,0,4,4,100,2,1,3,0,1,0,0,1,-21
R0007,RAP007,5,0,0,4,0,0,0,,0,0,,2,2,4,0,0,0,0,1,7
R0007,RAP004,13,4,1,5,20,0,1,0,2,2,100,0,2,2,1,0,0,0,1,-15
R0007,RAP003,30,8,3,6,50,2,3,66.7,0,0,,1,4,5,1,1,0,1,0,-6
R0007,RAP001,2,6,1,2,50,0,1,0,4,6,66.7,2,0,2,0,0,1,0,0,8
R0007,RAP002,19,4,1,7,14.3,1,7,14.3,1,2,50,0,1,1,0,0,1,1,1,-27
R0008,RAP022,30,16,7,13,53.8,0,1,0,2,2,100,4,4,8,1,2,3,2,3,16
R0008,RAP020,33,15,6,8,75,0,1,0,3,4,75,1,14,15,2,3,0,3,3,24
R0008,RAP018,14,4,1,2,50,1,1,100,1,2,50,0,0,0,1,0,0,0,0,5
R0008,RAP015,4,0,0,0,,0,0,,0,0,,0,0,0,0,0,0,0,0,-4
R0008,RAP014,4,0,0,0,,0,0,,0,0,,0,0,0,1,0,0,0,0,3
R0008,RAP013,37,20,7,14,50,3,7,42.9,3,4,75,0,3,3,12,1,0,5,3,20
R0008,RAP012,34,31,10,19,52.6,2,5,40,9,10,90,1,6,7,4,4,0,0,4,11
R0008,RAP010,17,23,8,14,57.1,1,3,33.3,6,6,100,1,3,4,1,0,2,3,4,1
R0008,RAP004,14,7,3,9,33.3,1,2,50,0,0,,1,3,4,1,1,0,0,3,-9
R0008,RAP003,35,10,4,9,44.4,2,4,50,0,0,,1,1,2,4,2,1,2,4,20
R0008,RAP002,18,3,1,4,25,1,3,33.3,0,0,,0,0,0,2,0,0,0,2,-2
R0009,RAP022,23,14,6,12,50,0,4,0,2,4,50,0,4,4,1,2,2,1,2,11
R0009,RAP020,27,10,4,5,80,0,0,,2,4,50,1,4,5,1,1,0,0,2,7
R0009,RAP019,21,2,1,3,33.3,0,2,0,0,0,,0,1,1,0,0,0,0,3,2
R0009,RAP018,14,8,3,6,50,2,4,50,0,1,0,0,2,2,1,0,0,0,1,11
R0009,RAP013,32,11,4,9,44.4,1,5,20,2,2,100,2,4,6,12,2,0,3,3,5
R0009,RAP012,30,19,7,14,50,1,2,50,4,6,66.7,2,4,6,5,2,1,2,0,4
R0009,RAP010,24,16,7,10,70,1,2,50,1,2,50,1,6,7,1,1,4,2,6,3
R0009,RAP007,1,0,0,0,,0,0,,0,0,,0,0,0,0,0,0,1,0,-5
R0009,RAP006,20,8,3,7,42.9,2,4,50,0,0,,0,3,3,6,2,1,2,2,7
R0009,RAP004,7,2,0,0,,0,0,,2,2,100,0,2,2,0,0,0,0,2,-2
R0009,RAP003,26,8,3,8,37.5,2,5,40,0,0,,0,2,2,0,1,1,2,1,-2
R0009,RAP002,16,9,3,7,42.9,3,5,60,0,0,,0,1,1,2,0,1,0,1,4
R0010,RAP022,29,34,15,17,88.2,1,1,100,3,3,100,3,7,10,2,2,0,1,4,32
R0010,RAP020,35,16,8,14,57.1,0,1,0,0,0,,5,8,13,3,1,0,2,2,25
R0010,RAP019,24,7,3,9,33.3,1,5,20,0,0,,0,1,1,2,0,0,0,2,19
R0010,RAP018,14,0,0,2,0,0,2,0,0,0,,1,2,3,1,1,0,2,4,-11
R0010,RAP013,33,21,8,19,42.1,3,7,42.9,2,2,100,1,5,6,15,2,1,1,1,26
R0010,RAP010,17,14,5,9,55.6,0,1,0,4,4,100,0,8,8,1,2,1,0,3,-16
R0010,RAP006,23,3,0,6,0,0,4,0,3,4,75,0,0,0,2,0,0,5,4,-10
R0010,RAP004,22,11,5,8,62.5,0,2,0,1,1,100,2,0,2,2,0,0,0,1,-10
R0010,RAP003,26,15,5,8,62.5,5,8,62.5,0,0,,1,2,3,3,0,2,1,3,22
R0010,RAP002,17,0,0,6,0,0,4,0,0,0,,0,3,3,1,1,0,0,0,-7
R0011,RAP022,14,17,8,8,100,1,1,100,0,0,,1,4,5,1,0,0,2,6,7
R0011,RAP020,31,16,7,11,63.6,0,2,0,2,2,100,1,6,7,2,1,0,2,2,25
R0011,RAP019,25,17,7,13,53.8,3,5,60,0,1,0,0,1,1,0,2,0,1,4,7
R0011,RAP018,0,0,0,0,,0,0,,0,0,,0,0,0,0,0,0,0,0,-2
R0011,RAP015,4,0,0,1,0,0,1,0,0,0,,0,0,0,0,0,0,0,0,-9
R0011,RAP014,4,0,0,0,,0,0,,0,0,,0,1,1,0,0,0,0,2,-9
R0011,RAP013,29,17,5,9,55.6,3,7,42.9,4,4,100,2,5,7,11,2,0,4,3,29
R0011,RAP010,22,11,4,10,40,1,2,50,2,2,100,0,6,6,0,1,2,1,1,9
R0011,RAP007,13,8,4,5,80,0,1,0,0,0,,1,2,3,0,0,0,1,2,-3
R0011,RAP006,28,17,6,14,42.9,2,5,40,3,3,100,0,4,4,6,0,0,2,0,10
R0011,RAP004,24,9,3,6,50,1,3,33.3,2,2,100,0,1,1,0,0,0,0,0,-5
R0011,RAP003,22,7,3,5,60,1,3,33.3,0,0,,0,2,2,0,3,1,0,3,6
R0011,RAP002,25,5,2,4,50,1,3,33.3,0,0,,2,4,6,1,0,0,1,5,0
R0012,RAP022,28,14,6,10,60,2,3,66.7,0,0,,3,11,14,0,0,3,3,4,5
R0012,RAP020,35,21,8,11,72.7,0,2,0,5,5,100,1,2,3,1,2,0,1,3,2
R0012,RAP019,24,11,5,9,55.6,1,3,33.3,0,0,,3,4,7,0,1,0,0,3,11
R0012,RAP015,1,0,0,0,,0,0,,0,0,,0,0,0,0,0,0,0,0,-2
R0012,RAP013,35,16,6,13,46.2,2,8,25,2,3,66.7,1,1,2,8,3,0,4,3,8
R0012,RAP012,31,25,7,17,41.2,2,5,40,9,9,100,2,9,11,2,0,0,5,0,0
R0012,RAP010,20,11,4,7,57.1,0,0,,3,4,75,2,8,10,1,0,1,1,3,4
R0012,RAP006,21,8,3,9,33.3,2,6,33.3,0,0,,0,1,1,2,2,0,0,3,3
R0012,RAP004,13,2,0,3,0,0,1,0,2,2,100,0,0,0,1,1,0,1,0,3
R0012,RAP003,31,6,2,10,20,2,8,25,0,0,,1,4,5,2,1,0,5,1,11
R0013,RAP022,26,12,5,11,45.5,1,2,50,1,2,50,0,8,8,1,0,0,0,3,3
R0013,RAP020,28,23,6,7,85.7,3,4,75,8,9,88.9,1,2,3,2,0,0,2,3,8
R0013,RAP019,25,16,7,10,70,1,4,25,1,2,50,1,1,2,0,0,1,1,2,8
R0013,RAP014,2,2,1,1,100,0,0,,0,0,,0,1,1,0,0,0,1,0,-2
R0013,RAP013,27,10,3,6,50,1,4,25,3,3,100,0,2,2,8,0,0,0,1,6
R0013,RAP012,23,12,2,7,28.6,0,2,0,8,10,80,2,5,7,3,1,0,3,0,8
R0013,RAP010,21,19,6,8,75,1,1,100,6,10,60,3,7,10,1,1,1,1,3,18
R0013,RAP007,2,0,0,1,0,0,0,,0,0,,0,0,0,0,0,0,0,0,-2
R0013,RAP006,22,7,3,7,42.9,1,3,33.3,0,0,,1,3,4,4,0,0,1,3,14
R0013,RAP004,24,12,4,6,66.7,2,3,66.7,2,2,100,1,4,5,3,1,1,1,0,14
R0013,RAP003,21,9,3,7,42.9,3,7,42.9,0,0,,2,1,3,0,3,0,4,1,2
R0013,RAP002,18,6,2,8,25,1,5,20,1,2,50,1,0,1,2,2,1,1,4,3
R0014,RAP022,27,19,8,16,50,2,6,33.3,1,2,50,6,8,14,2,0,0,0,3,-10
R0014,RAP020,28,22,8,12,66.7,2,4,50,4,4,100,0,3,3,1,1,3,0,5,-10
R0014,RAP019,24,17,6,13,46.2,2,8,25,3,5,60,0,2,2,0,3,0,1,2,-9
R0014,RAP015,2,0,0,0,,0,0,,0,0,,0,0,0,0,0,0,0,0,2
R0014,RAP014,7,0,0,2,0,0,2,0,0,0,,0,2,2,1,0,0,1,0,1
R0014,RAP013,33,4,1,9,11.1,0,6,0,2,2,100,0,2,2,11,0,0,2,1,-17
R0014,RAP012,34,20,7,20,35,1,6,16.7,5,5,100,2,4,6,2,1,1,1,2,-15
R0014,RAP010,15,2,0,3,0,0,1,0,2,2,100,1,6,7,2,0,1,2,2,-5
R0014,RAP007,2,0,0,2,0,0,0,,0,0,,1,1,2,0,0,0,0,0,2
R0014,RAP006,22,10,4,8,50,2,4,50,0,0,,0,0,0,3,2,0,0,0,-12
R0014,RAP004,16,10,3,5,60,2,3,66.7,2,2,100,2,0,2,0,1,0,2,0,-3
R0014,RAP003,23,3,1,4,25,1,4,25,0,0,,1,2,3,0,1,0,1,5,-2
R0014,RAP002,8,3,1,3,33.3,1,1,100,0,0,,0,0,0,0,0,0,0,0,-2
R0015,RAP020,29,17,8,12,66.7,1,1,100,0,1,0,2,5,7,2,1,1,1,4,0
R0015,RAP019,24,7,3,12,25,1,6,16.7,0,2,0,2,1,3,2,2,1,0,3,1
R0015,RAP015,9,0,0,2,0,0,1,0,0,0,,0,2,2,0,0,0,1,2,-1
R0015,RAP013,38,14,6,10,60,1,3,33.3,1,2,50,1,6,7,7,0,0,5,1,-3
R0015,RAP012,35,26,10,18,55.6,0,2,0,6,8,75,0,9,9,4,3,0,6,2,1
R0015,RAP010,27,14,6,12,50,0,1,0,2,2,100,2,4,6,0,0,1,3,4,5
R0015,RAP007,21,17,8,10,80,0,0,,1,2,50,3,6,9,0,1,0,3,1,-7
R0015,RAP006,23,4,2,8,25,0,2,0,0,0,,1,1,2,5,1,0,0,1,-16
R0015,RAP004,14,0,0,4,0,0,3,0,0,0,,1,1,2,2,1,0,1,0,-1
R0015,RAP003,20,5,2,4,50,1,1,100,0,0,,0,2,2,1,0,0,0,1,11
R0016,RAP022,34,21,8,15,53.3,2,3,66.7,3,3,100,1,3,4,0,1,1,0,3,4
R0016,RAP020,39,16,6,11,54.5,0,0,,4,6,66.7,3,6,9,4,2,0,2,6,-2
R0016,RAP019,9,5,2,3,66.7,1,2,50,0,0,,0,0,0,0,0,0,2,1,-15
R0016,RAP013,43,14,3,12,25,1,6,16.7,7,8,87.5,0,2,2,7,2,0,4,3,5
R0016,RAP012,43,31,11,25,44,0,3,0,9,11,81.8,2,13,15,4,3,0,2,0,4
R0016,RAP010,19,11,5,8,62.5,0,0,,1,1,100,3,2,5,1,0,1,2,1,-13
R0016,RAP006,22,0,0,6,0,0,6,0,0,0,,1,0,1,2,1,0,1,2,-21
R0016,RAP004,26,7,3,7,42.9,1,2,50,0,0,,0,2,2,2,2,1,0,1,-15
R0016,RAP003,30,11,4,10,40,3,7,42.9,0,0,,1,4,5,0,1,1,0,6,18
R0017,RAP022,23,16,6,13,46.2,0,1,0,4,4,100,0,4,4,1,2,4,2,2,24
R0017,RAP020,29,12,4,10,40,0,2,0,4,4,100,1,7,8,5,1,1,1,2,30
R0017,RAP015,19,9,3,4,75,2,3,66.7,1,1,100,0,3,3,0,1,0,5,2,9
R0017,RAP014,22,10,5,9,55.6,0,3,0,0,0,,0,1,1,2,3,1,4,4,9
R0017,RAP013,29,8,3,11,27.3,2,8,25,0,0,,0,7,7,8,3,0,2,2,23
R0017,RAP011,12,8,2,2,100,2,2,100,2,2,100,0,4,4,1,0,0,0,1,6
R0017,RAP010,14,8,4,6,66.7,0,1,0,0,0,,1,8,9,1,0,0,1,2,14
R0017,RAP007,11,7,3,4,75,0,0,,1,2,50,1,2,3,2,0,0,3,3,1
R0017,RAP006,29,18,7,11,63.6,4,7,57.1,0,0,,2,2,4,4,1,1,1,2,31
R0017,RAP004,19,7,3,8,37.5,1,3,33.3,0,0,,2,2,4,4,2,1,3,1,14
R0017,RAP003,26,17,7,7,100,3,3,100,0,0,,1,3,4,3,1,0,1,2,35
R0017,RAP001,7,2,1,4,25,0,2,0,0,0,,0,3,3,0,0,2,0,1,-1
R0018,RAP022,30,14,7,15,46.7,0,3,0,0,0,,2,7,9,4,0,1,2,2,2
R0018,RAP020,34,15,7,11,63.6,0,2,0,1,1,100,1,8,9,1,1,1,2,5,1
R0018,RAP014,20,8,2,5,40,2,5,40,2,2,100,1,2,3,2,0,1,0,1,6
R0018,RAP013,32,9,3,9,33.3,3,8,37.5,0,0,,0,4,4,7,1,0,3,3,-6
R0018,RAP012,30,18,8,16,50,1,3,33.3,1,3,33.3,1,5,6,2,1,0,2,3,-3
R0018,RAP010,21,8,4,8,50,0,2,0,0,0,,0,6,6,0,2,0,3,4,3
R0018,RAP006,26,4,1,5,20,0,1,0,2,2,100,0,2,2,5,1,0,1,1,6
R0018,RAP004,13,4,2,5,40,0,1,0,0,0,,0,1,1,2,0,1,2,0,5
R0018,RAP003,34,13,5,13,38.5,3,9,33.3,0,0,,1,2,3,0,1,1,1,0,-4
R0019,RAP022,21,19,8,11,72.7,1,4,25,2,2,100,3,6,9,1,0,0,4,4,4
R0019,RAP020,32,22,9,13,69.2,1,3,33.3,3,5,60,1,3,4,2,2,0,1,2,19
R0019,RAP015,3,0,0,1,0,0,0,,0,0,,0,1,1,0,0,0,0,0,-2
R0019,RAP014,15,3,1,5,20,1,2,50,0,0,,0,2,2,2,0,0,2,1,-8
R0019,RAP013,32,21,7,12,58.3,3,6,50,4,4,100,2,10,12,17,0,0,2,1,28
R0019,RAP011,3,4,1,1,100,0,0,,2,2,100,0,0,0,0,0,0,1,1,-2
R0019,RAP010,27,24,9,12,75,1,2,50,5,8,62.5,3,10,13,2,0,1,2,2,21
R0019,RAP007,13,3,1,5,20,0,0,,1,2,50,2,4,6,1,2,0,0,2,-10
R0019,RAP006,36,11,5,11,45.5,1,3,33.3,0,0,,0,1,1,6,0,0,1,1,15
R0019,RAP004,23,6,3,7,42.9,0,1,0,0,0,,1,1,2,1,0,0,2,2,2
R0019,RAP003,32,6,2,10,20,2,7,28.6,0,0,,1,2,3,1,2,0,2,4,15
R0019,RAP001,3,5,2,2,100,1,1,100,0,0,,1,1,2,0,0,0,0,1,-2
R0020,RAP022,27,12,5,9,55.6,1,2,50,1,2,50,3,6,9,2,1,4,3,5,23
R0020,RAP020,26,7,2,5,40,1,1,100,2,2,100,0,8,8,3,0,1,1,4,4
R0020,RAP019,19,15,6,11,54.5,3,5,60,0,0,,0,0,0,1,0,0,0,2,12
R0020,RAP015,1,0,0,1,0,0,1,0,0,0,,0,0,0,0,0,0,0,0,-4
R0020,RAP014,1,0,0,0,,0,0,,0,0,,0,0,0,0,0,0,0,0,-4
R0020,RAP013,30,15,4,9,44.4,2,4,50,5,6,83.3,1,2,3,9,2,0,3,3,11
R0020,RAP012,30,27,12,22,54.5,1,4,25,2,3,66.7,2,8,10,2,2,0,1,0,14
R0020,RAP010,18,8,3,7,42.9,0,0,,2,2,100,4,3,7,3,0,0,3,2,-4
R0020,RAP007,3,0,0,1,0,0,1,0,0,0,,0,1,1,0,0,0,0,0,-1
R0020,RAP006,23,13,4,7,57.1,3,5,60,2,2,100,1,3,4,7,0,0,1,0,23
R0020,RAP004,19,10,4,4,100,2,2,100,0,0,,0,3,3,3,0,1,1,3,1
R0020,RAP003,25,9,3,7,42.9,3,7,42.9,0,0,,1,2,3,2,0,0,1,4,15
R0020,RAP002,18,9,3,10,30,1,7,14.3,2,2,100,1,1,2,0,0,0,1,0,0
R0021,RAP022,24,8,3,9,33.3,0,0,,2,2,100,5,2,7,1,0,1,0,2,-14
R0021,RAP020,31,21,8,9,88.9,1,1,100,4,4,100,1,5,6,3,2,2,1,1,25
R0021,RAP019,16,4,2,4,50,0,2,0,0,2,0,0,3,3,1,0,1,0,4,-15
R0021,RAP013,35,12,5,12,41.7,2,9,22.2,0,0,,0,2,2,10,0,0,1,4,19
R0021,RAP012,36,29,8,20,40,3,8,37.5,10,12,83.3,0,10,10,2,1,2,1,2,23
R0021,RAP010,24,17,8,10,80,0,0,,1,1,100,2,8,10,2,0,0,1,2,24
R0021,RAP006,19,10,4,6,66.7,1,2,50,1,2,50,0,2,2,4,1,1,3,0,-7
R0021,RAP004,13,10,4,7,57.1,2,3,66.7,0,0,,2,2,4,1,0,0,1,2,-9
R0021,RAP003,29,4,2,6,33.3,0,4,0,0,0,,1,0,1,1,0,0,1,3,19
R0021,RAP002,13,10,3,7,42.9,2,6,33.3,2,2,100,0,2,2,0,0,0,0,1,-15
R0022,RAP022,35,16,7,11,63.6,0,2,0,2,2,100,1,2,3,2,0,1,3,4,10
R0022,RAP020,31,10,3,5,60,0,1,0,4,6,66.7,1,5,6,4,0,1,1,4,10
R0022,RAP019,17,5,2,5,40,1,3,33.3,0,1,0,0,1,1,0,0,0,1,1,-2
R0022,RAP014,0,0,0,0,,0,0,,0,0,,0,0,0,0,0,0,0,0,-2
R0022,RAP013,37,24,8,14,57.1,5,8,62.5,3,4,75,0,2,2,6,0,0,3,1,10
R0022,RAP012,37,17,5,11,45.5,1,4,25,6,9,66.7,0,10,10,5,2,1,1,2,12
R0022,RAP010,14,9,3,3,100,1,1,100,2,2,100,1,2,3,2,0,1,3,2,-5
R0022,RAP006,22,18,6,6,100,3,3,100,3,4,75,1,1,2,3,3,0,1,3,8
R0022,RAP004,14,3,1,3,33.3,1,1,100,0,0,,0,0,0,2,0,0,1,0,-3
R0022,RAP003,28,14,5,9,55.6,4,8,50,0,0,,0,4,4,0,0,1,1,0,6
R0022,RAP002,5,6,2,2,100,2,2,100,0,0,,0,0,0,1,0,0,0,1,-4
R0023,RAP022,37,20,8,13,61.5,1,3,33.3,3,4,75,1,3,4,1,0,1,3,4,16
R0023,RAP020,42,26,8,10,80,3,4,75,7,8,87.5,0,2,2,1,0,1,1,3,7
R0023,RAP019,16,5,2,7,28.6,1,6,16.7,0,0,,1,2,3,0,0,0,3,0,-9
R0023,RAP013,41,10,4,14,28.6,2,7,28.6,0,0,,0,8,8,12,3,0,1,1,8
R0023,RAP012,44,37,14,24,58.3,3,6,50,6,6,100,2,6,8,3,1,1,1,4,3
R0023,RAP010,16,12,4,5,80,0,0,,4,4,100,0,4,4,0,0,1,1,2,-13
R0023,RAP006,15,0,0,3,0,0,3,0,0,0,,0,1,1,3,0,0,2,2,-13
R0023,RAP004,12,8,2,3,66.7,2,2,100,2,2,100,0,0,0,2,0,0,0,2,1
R0023,RAP003,39,13,5,10,50,3,6,50,0,0,,3,2,5,3,1,2,0,4,16
R0023,RAP002,3,0,0,1,0,0,1,0,0,0,,0,2,2,0,0,0,2,1,-1
R0024,RAP022,31,10,4,9,44.4,0,1,0,2,2,100,1,5,6,1,0,0,1,2,20
R0024,RAP020,33,15,6,11,54.5,0,2,0,3,4,75,0,5,5,5,0,0,3,4,14
R0024,RAP019,22,8,3,5,60,0,1,0,2,4,50,1,5,6,1,0,0,0,1,-15
R0024,RAP012,37,34,11,21,52.4,3,9,33.3,9,9,100,1,8,9,2,1,2,1,2,28
R0024,RAP010,18,5,2,5,40,0,1,0,1,2,50,1,3,4,0,0,1,2,4,-9
R0024,RAP006,33,15,5,12,41.7,1,4,25,4,4,100,0,3,3,4,1,0,2,3,14
R0024,RAP004,20,2,1,4,25,0,1,0,0,0,,0,1,1,1,2,0,0,1,-17
R0024,RAP003,32,15,6,9,66.7,3,5,60,0,0,,2,5,7,0,0,2,1,2,24
R0024,RAP002,15,2,1,4,25,0,2,0,0,0,,0,1,1,1,1,0,0,0,-4
R0025,RAP022,31,15,6,9,66.7,1,4,25,2,2,100,0,5,5,2,0,1,2,4,-6
R0025,RAP020,29,14,7,10,70,0,2,0,0,0,,1,5,6,7,2,0,3,2,-1
R0025,RAP019,12,6,2,5,40,2,3,66.7,0,0,,0,1,1,0,0,0,1,3,-2
R0025,RAP013,34,5,1,7,14.3,1,6,16.7,2,2,100,1,2,3,11,1,3,3,3,-12
R0025,RAP012,35,27,10,19,52.6,1,7,14.3,6,6,100,2,6,8,2,0,0,3,2,-13
R0025,RAP010,18,8,3,6,50,0,0,,2,2,100,1,9,10,0,0,1,1,5,0
R0025,RAP006,18,2,1,7,14.3,0,5,0,0,0,,0,2,2,4,3,0,2,0,-2
R0025,RAP004,15,9,4,7,57.1,1,1,100,0,0,,1,2,3,2,2,0,1,0,6
R0025,RAP003,31,9,3,9,33.3,3,7,42.9,0,0,,1,2,3,0,2,0,0,2,6
R0025,RAP002,16,8,3,8,37.5,2,6,33.3,0,0,,0,0,0,0,1,0,1,0,9
R0026,RAP022,24,18,7,13,53.8,0,1,0,4,4,100,2,6,8,2,0,0,1,1,-4
R0026,RAP020,31,6,3,8,37.5,0,0,,0,0,,5,3,8,6,1,0,0,4,2
R0026,RAP019,18,4,2,8,25,0,3,0,0,0,,4,1,5,2,1,0,1,2,8
R0026,RAP014,1,0,0,0,,0,0,,0,0,,0,0,0,0,0,0,0,1,0
R0026,RAP013,33,7,2,8,25,1,7,14.3,2,2,100,0,4,4,4,3,1,4,0,5
R0026,RAP012,35,36,13,24,54.2,5,6,83.3,5,6,83.3,1,8,9,1,5,1,2,0,4
R0026,RAP010,18,26,9,13,69.2,0,1,0,8,9,88.9,1,7,8,2,0,0,0,3,14
R0026,RAP007,6,4,2,4,50,0,0,,0,1,0,2,2,4,0,1,0,0,0,1
R0026,RAP006,19,5,2,7,28.6,1,3,33.3,0,0,,0,1,1,1,1,0,1,1,7
R0026,RAP004,13,2,1,4,25,0,1,0,0,0,,0,0,0,2,0,0,0,0,5
R0026,RAP003,32,5,2,9,22.2,1,6,16.7,0,0,,2,3,5,3,0,1,2,1,5
R0026,RAP002,10,0,0,2,0,0,1,0,0,0,,0,1,1,2,0,0,0,0,8
R0027,RAP022,20,8,2,7,28.6,0,1,0,4,4,100,2,4,6,1,0,2,2,2,-9
R0027,RAP020,37,16,6,15,40,1,3,33.3,3,4,75,1,5,6,2,1,2,1,2,2
R0027,RAP019,17,3,1,5,20,1,4,25,0,0,,0,4,4,0,0,0,1,0,-1
R0027,RAP013,36,3,1,8,12.5,1,7,14.3,0,0,,0,3,3,11,1,1,5,5,1
R0027,RAP012,38,32,10,21,47.6,5,6,83.3,7,8,87.5,0,3,3,4,4,1,3,3,0
R0027,RAP010,26,24,10,15,66.7,0,2,0,4,6,66.7,2,6,8,0,0,1,0,3,5
R0027,RAP006,27,8,2,7,28.6,2,6,33.3,2,2,100,0,1,1,3,1,0,0,0,-6
R0027,RAP004,17,5,2,8,25,1,4,25,0,0,,1,2,3,1,2,0,1,0,-4
R0027,RAP003,34,2,1,2,50,0,1,0,0,0,,0,4,4,2,0,0,0,2,8
R0027,RAP002,14,4,0,1,0,0,1,0,4,5,80,0,3,3,1,0,0,2,2,-1
R0028,RAP022,32,22,9,21,42.9,4,11,36.4,0,0,,1,5,6,4,2,2,2,2,6
R0028,RAP020,25,17,7,12,58.3,2,4,50,1,2,50,2,5,7,2,0,3,1,1,-5
R0028,RAP019,12,2,1,5,20,0,3,0,0,0,,0,2,2,0,0,0,0,1,-16
R0028,RAP013,34,0,0,5,0,0,5,0,0,0,,0,5,5,7,0,1,3,3,7
R0028,RAP012,37,20,8,18,44.4,1,5,20,3,3,100,3,5,8,4,2,2,1,0,10
R0028,RAP010,13,6,2,8,25,0,0,,2,2,100,3,2,5,0,0,0,2,3,-9
R0028,RAP006,27,19,7,12,58.3,5,7,71.4,0,0,,0,2,2,2,1,0,0,3,3
R0028,RAP004,10,0,0,2,0,0,2,0,0,0,,1,2,3,1,0,0,0,0,-14
R0028,RAP003,34,8,3,7,42.9,2,4,50,0,0,,1,4,5,4,1,3,2,5,7
R0028,RAP002,14,5,2,4,50,1,3,33.3,0,0,,0,2,2,0,0,0,0,3,-14
R0029,RAP022,24,25,11,18,61.1,1,3,33.3,2,2,100,2,7,9,2,0,3,1,3,22
R0029,RAP020,27,13,6,9,66.7,1,2,50,0,0,,0,3,3,5,1,0,1,3,29
R0029,RAP019,21,12,5,9,55.6,2,3,66.7,0,1,0,0,2,2,0,1,0,0,2,-5
R0029,RAP015,4,3,1,1,100,1,1,100,0,0,,0,0,0,0,0,0,1,0,0
R0029,RAP014,12,0,0,3,0,0,0,,0,0,,0,1,1,2,0,0,0,1,-5
R0029,RAP013,32,21,8,13,61.5,4,8,50,1,1,100,0,5,5,7,1,1,2,3,30
R0029,RAP010,18,16,7,12,58.3,1,2,50,1,2,50,2,3,5,0,2,0,0,1,6
R0029,RAP007,7,2,0,3,0,0,0,,2,2,100,0,2,2,1,1,0,0,2,-4
R0029,RAP006,29,5,2,5,40,1,2,50,0,0,,2,4,6,14,0,1,2,0,21
R0029,RAP004,21,12,5,10,50,2,4,50,0,0,,2,2,4,3,2,0,0,1,4
R0029,RAP003,28,9,4,7,57.1,0,2,0,1,2,50,2,3,5,0,0,1,0,3,34
R0029,RAP002,17,5,1,6,16.7,1,2,50,2,2,100,0,1,1,0,0,0,0,3,-12
R0030,RAP022,29,20,7,16,43.8,0,3,0,6,6,100,2,10,12,1,1,2,1,0,12
R0030,RAP020,35,13,5,10,50,1,2,50,2,2,100,0,3,3,3,2,1,5,2,15
R0030,RAP019,19,4,2,6,33.3,0,1,0,0,2,0,0,3,3,0,0,0,1,3,6
R0030,RAP015,4,3,1,3,33.3,1,3,33.3,0,0,,0,1,1,0,0,0,0,1,-1
R0030,RAP014,5,0,0,1,0,0,0,,0,0,,0,0,0,1,1,0,0,0,-3
R0030,RAP013,38,23,9,18,50,2,7,28.6,3,4,75,0,5,5,12,3,0,2,1,23
R0030,RAP010,8,6,3,4,75,0,0,,0,0,,1,6,7,0,0,0,0,0,2
R0030,RAP007,7,5,2,4,50,0,0,,1,1,100,3,2,5,0,1,0,0,2,7
R0030,RAP006,28,10,4,8,50,2,3,66.7,0,0,,1,2,3,2,3,0,0,1,10
R0030,RAP004,21,6,3,6,50,0,1,0,0,0,,3,2,5,3,1,0,2,3,6
R0030,RAP003,31,15,6,11,54.5,1,5,20,2,2,100,0,4,4,5,0,0,0,1,12
R0030,RAP002,16,8,2,4,50,2,3,66.7,2,2,100,0,0,0,0,0,0,0,3,11
R0031,RAP022,35,18,8,12,66.7,0,1,0,2,2,100,1,5,6,1,0,1,1,3,5
R0031,RAP020,25,10,3,8,37.5,2,4,50,2,2,100,1,3,4,1,0,0,3,2,3
R0031,RAP019,19,5,2,3,66.7,1,2,50,0,0,,0,1,1,1,2,0,0,2,-15
R0031,RAP012,38,28,8,17,47.1,4,7,57.1,8,10,80,1,5,6,4,1,0,3,5,-1
R0031,RAP007,13,6,3,3,100,0,0,,0,0,,1,1,2,0,0,0,3,2,-11
R0031,RAP006,38,21,7,11,63.6,3,5,60,4,5,80,0,4,4,8,0,0,4,2,3
R0031,RAP004,17,2,1,4,25,0,1,0,0,0,,0,1,1,5,0,1,0,0,-16
R0031,RAP003,36,19,6,10,60,5,7,71.4,2,2,100,2,10,12,0,0,2,1,4,2
R0031,RAP002,20,13,5,10,50,3,4,75,0,0,,0,1,1,0,1,0,1,1,0
R0032,RAP022,34,14,6,10,60,1,1,100,1,1,100,2,5,7,0,0,1,1,6,8
R0032,RAP019,26,7,2,10,20,2,8,25,1,4,25,2,3,5,1,1,2,1,2,-18
R0032,RAP015,4,0,0,0,,0,0,,0,0,,0,1,1,0,0,0,0,1,5
R0032,RAP014,15,4,2,7,28.6,0,2,0,0,0,,1,2,3,3,0,1,1,1,-19
R0032,RAP012,38,29,12,21,57.1,1,6,16.7,4,4,100,2,12,14,4,0,0,4,1,3
R0032,RAP007,13,4,2,6,33.3,0,0,,0,2,0,3,1,4,0,0,0,1,2,-16
R0032,RAP004,38,15,6,12,50,0,4,0,3,3,100,1,7,8,4,1,0,2,0,3
R0032,RAP003,38,7,3,9,33.3,1,4,25,0,0,,2,3,5,0,1,0,0,1,-2
R0032,RAP001,2,0,0,1,0,0,1,0,0,0,,0,0,0,0,0,0,0,0,-1
R0032,RAP002,33,6,2,12,16.7,2,9,22.2,0,0,,0,4,4,1,2,0,1,2,-8
R0033,RAP020,35,17,6,10,60,0,0,,5,6,83.3,1,6,7,4,3,1,2,4,4
R0033,RAP019,20,8,3,7,42.9,2,2,100,0,0,,1,1,2,1,2,1,0,1,1
R0033,RAP018,15,2,1,4,25,0,2,0,0,0,,0,1,1,1,0,0,2,0,-3
R0033,RAP015,5,0,0,2,0,0,1,0,0,0,,0,0,0,0,0,0,0,2,1
R0033,RAP014,7,0,0,1,0,0,0,,0,0,,1,2,3,1,0,0,0,1,8
R0033,RAP012,39,28,11,23,47.8,0,3,0,6,9,66.7,0,10,10,6,4,0,2,3,7
R0033,RAP007,22,13,6,9,66.7,0,0,,1,2,50,5,3,8,0,1,0,0,2,-9
R0033,RAP006,31,11,4,17,23.5,3,11,27.3,0,0,,0,2,2,1,2,2,0,1,4
R0033,RAP004,22,6,2,5,40,0,1,0,2,2,100,2,4,6,4,0,1,2,2,0
R0033,RAP003,28,7,2,8,25,1,6,16.7,2,2,100,1,1,2,1,2,1,1,3,6
R0033,RAP001,10,5,2,4,50,1,2,50,0,0,,0,2,2,0,1,3,0,0,-7
R0033,RAP002,8,2,1,3,33.3,0,2,0,0,0,,0,0,0,1,0,0,0,0,3
R0034,RAP020,37,15,6,17,35.3,2,5,40,1,3,33.3,5,5,10,3,1,1,1,1,17
R0034,RAP019,22,21,9,14,64.3,3,7,42.9,0,0,,2,6,8,0,0,1,1,5,2
R0034,RAP018,26,11,5,7,71.4,0,2,0,1,2,50,0,3,3,3,1,0,2,3,4
R0034,RAP015,2,0,0,0,,0,0,,0,0,,0,0,0,0,0,0,0,1,5
R0034,RAP014,16,7,3,6,50,1,2,50,0,0,,0,2,2,3,3,0,1,3,2
R0034,RAP012,32,37,12,16,75,2,4,50,11,12,91.7,2,4,6,1,1,0,1,1,11
R0034,RAP007,14,9,3,5,60,0,1,0,3,4,75,0,3,3,0,0,0,1,1,-3
R0034,RAP006,38,14,6,10,60,1,2,50,1,1,100,1,4,5,8,2,1,0,2,19
R0034,RAP004,33,8,3,9,33.3,0,3,0,2,2,100,1,3,4,3,1,1,0,3,17
R0034,RAP001,2,2,0,1,0,0,0,,2,2,100,1,0,1,0,0,1,0,0,5
R0034,RAP002,17,2,1,6,16.7,0,5,0,0,0,,1,1,2,0,0,0,1,3,1
R0035,RAP020,37,26,11,21,52.4,0,6,0,4,4,100,2,4,6,2,1,0,0,1,-21
R0035,RAP019,26,5,2,4,50,1,2,50,0,0,,0,5,5,1,0,0,2,5,-2
R0035,RAP018,25,13,4,8,50,2,4,50,3,3,100,0,3,3,1,1,0,1,1,-13
R0035,RAP015,4,3,1,1,100,1,1,100,0,0,,0,0,0,0,0,0,0,0,-2
R0035,RAP014,6,0,0,2,0,0,1,0,0,0,,1,1,2,1,0,0,1,0,-5
R0035,RAP013,31,20,6,16,37.5,2,9,22.2,6,6,100,0,6,6,5,1,1,2,2,-8
R0035,RAP007,22,6,3,7,42.9,0,0,,0,0,,4,4,8,1,0,0,1,4,-16
R0035,RAP006,28,12,5,14,35.7,2,6,33.3,0,0,,0,2,2,3,1,0,1,2,-18
R0035,RAP004,17,4,1,5,20,0,1,0,2,4,50,1,2,3,3,1,0,1,0,-18
R0035,RAP003,25,9,3,12,25,1,5,20,2,2,100,0,3,3,0,0,0,3,3,-7
R0035,RAP001,6,0,0,1,0,0,1,0,0,0,,0,2,2,0,0,1,2,4,-6
R0035,RAP002,12,3,1,4,25,1,4,25,0,0,,0,1,1,0,0,0,1,2,-9
R0036,RAP022,30,6,2,10,20,1,2,50,1,2,50,1,2,3,4,0,1,1,3,-11
R0036,RAP020,34,10,4,7,57.1,0,1,0,2,3,66.7,0,9,9,2,1,1,6,5,0
R0036,RAP019,25,5,2,5,40,1,3,33.3,0,0,,3,5,8,2,2,0,1,1,6
R0036,RAP018,16,5,2,4,50,1,3,33.3,0,0,,0,2,2,3,0,0,1,2,0
R0036,RAP012,35,30,9,20,45,2,5,40,10,11,90.9,3,5,8,2,2,0,2,0,-1
R0036,RAP007,11,9,3,6,50,0,0,,3,3,100,2,1,3,0,0,0,0,1,9
R0036,RAP006,38,16,5,12,41.7,4,8,50,2,2,100,0,1,1,2,0,0,1,2,1
R0036,RAP004,16,7,3,5,60,0,1,0,1,2,50,0,3,3,2,2,0,0,0,1
R0036,RAP003,34,18,7,10,70,4,7,57.1,0,0,,1,5,6,2,1,0,4,2,5
R0037,RAP022,32,17,8,16,50,1,3,33.3,0,0,,3,5,8,3,0,4,2,2,-11
R0037,RAP020,29,4,1,8,12.5,0,2,0,2,3,66.7,1,3,4,2,0,0,2,4,-20
R0037,RAP019,23,8,2,4,50,2,2,100,2,4,50,1,1,2,1,0,0,0,2,-11
R0037,RAP015,4,2,0,1,0,0,1,0,2,2,100,1,0,1,0,0,0,0,0,-3
R0037,RAP014,6,0,0,4,0,0,1,0,0,0,,0,1,1,0,1,0,0,1,-7
R0037,RAP012,29,21,7,19,36.8,2,5,40,5,5,100,2,4,6,1,0,1,1,0,-27
R0037,RAP007,10,0,0,4,0,0,0,,0,0,,2,3,5,1,0,0,1,3,-10
R0037,RAP006,23,11,3,12,25,2,6,33.3,3,4,75,0,1,1,2,1,1,0,1,-13
R0037,RAP004,31,6,2,8,25,2,5,40,0,0,,1,2,3,6,1,0,2,3,-19
R0037,RAP003,18,2,1,6,16.7,0,1,0,0,0,,2,2,4,2,0,1,2,4,-9
R0037,RAP001,9,9,3,4,75,3,3,100,0,0,,0,1,1,0,1,2,0,1,-1
R0037,RAP002,26,7,1,9,11.1,0,5,0,5,6,83.3,1,4,5,0,0,1,1,0,-14
R0038,RAP022,24,8,4,10,40,0,2,0,0,0,,3,4,7,2,1,2,4,5,5
R0038,RAP020,34,20,7,12,58.3,1,1,100,5,6,83.3,6,6,12,4,0,0,3,3,2
R0038,RAP019,21,5,2,6,33.3,1,3,33.3,0,0,,2,1,3,2,0,0,0,0,4
R0038,RAP018,23,4,2,9,22.2,0,5,0,0,0,,0,2,2,0,1,0,0,0,7
R0038,RAP014,3,0,0,0,,0,0,,0,0,,0,1,1,0,0,0,0,0,-1
R0038,RAP012,34,27,8,22,36.4,1,6,16.7,10,11,90.9,1,8,9,0,0,0,2,0,1
R0038,RAP007,18,0,0,3,0,0,0,,0,0,,2,5,7,0,0,2,0,2,3
R0038,RAP006,33,10,3,12,25,2,7,28.6,2,2,100,1,4,5,7,1,0,2,2,-2
R0038,RAP004,15,8,3,8,37.5,1,2,50,1,1,100,0,1,1,2,0,0,0,0,8
R0038,RAP003,29,10,4,8,50,2,5,40,0,0,,1,3,4,0,2,2,0,1,5
R0038,RAP001,5,3,1,2,50,1,2,50,0,0,,1,0,1,0,0,2,0,2,-2
R0039,RAP022,30,8,3,10,30,1,3,33.3,1,4,25,0,8,8,3,1,1,0,4,10
R0039,RAP020,32,28,9,15,60,3,4,75,7,7,100,1,9,10,1,0,0,1,3,12
R0039,RAP019,18,2,1,2,50,0,0,,0,0,,0,2,2,3,1,0,0,1,-11
R0039,RAP018,22,14,6,11,54.5,2,4,50,0,0,,0,3,3,1,0,2,0,4,-4
R0039,RAP012,35,45,16,22,72.7,0,3,0,13,17,76.5,0,6,6,1,0,0,2,2,8
R0039,RAP007,18,7,2,5,40,0,0,,3,4,75,2,4,6,2,0,2,1,1,-4
R0039,RAP006,32,8,3,5,60,1,2,50,1,2,50,0,4,4,5,0,0,2,1,12
R0039,RAP004,18,8,4,8,50,0,2,0,0,1,0,0,0,0,0,2,0,2,1,-7
R0039,RAP003,31,2,1,4,25,0,2,0,0,0,,2,2,4,1,0,1,1,4,16
R0039,RAP002,3,0,0,0,,0,0,,0,0,,0,2,2,1,0,0,0,0,-2
R0040,RAP022,26,14,5,11,45.5,1,4,25,3,4,75,2,4,6,1,1,0,1,5,-23
R0040,RAP020,27,10,4,8,50,0,2,0,2,2,100,0,6,6,7,1,1,4,4,-18
R0040,RAP019,18,0,0,3,0,0,1,0,0,0,,0,2,2,1,0,0,1,0,1
R0040,RAP018,25,14,5,11,45.5,1,3,33.3,3,3,100,0,3,3,2,2,1,0,2,3
R0040,RAP014,5,3,1,2,50,0,0,,1,1,100,0,0,0,1,1,0,0,0,9
R0040,RAP012,33,21,8,13,61.5,0,2,0,5,7,71.4,0,1,1,5,2,0,3,2,-22
R0040,RAP007,17,12,4,8,50,0,0,,4,7,57.1,4,2,6,0,1,1,0,2,-4
R0040,RAP006,28,12,5,11,45.5,1,6,16.7,1,1,100,1,4,5,2,0,0,1,3,-10
R0040,RAP004,24,15,5,9,55.6,1,3,33.3,4,4,100,1,3,4,1,1,1,0,1,-6
R0040,RAP003,26,0,0,7,0,0,6,0,0,0,,0,4,4,1,0,1,0,3,-26
R0040,RAP001,5,3,1,3,33.3,1,2,50,0,0,,1,1,2,0,0,1,0,0,9
R0040,RAP002,7,3,1,1,100,1,1,100,0,0,,0,0,0,0,0,0,0,1,-3
R0041,RAP022,36,25,11,17,64.7,1,3,33.3,2,3,66.7,0,9,9,5,0,1,3,3,19
R0041,RAP020,39,30,11,15,73.3,3,5,60,5,7,71.4,2,2,4,3,0,2,0,4,16
R0041,RAP019,17,3,1,6,16.7,1,5,20,0,0,,0,2,2,0,0,0,1,4,-19
R0041,RAP018,15,2,0,5,0,0,3,0,2,2,100,0,1,1,4,2,1,2,1,-14
R0041,RAP012,38,30,8,16,50,2,3,66.7,12,15,80,0,7,7,6,5,0,2,1,21
R0041,RAP007,6,0,0,0,,0,0,,0,0,,0,1,1,0,0,0,1,1,-12
R0041,RAP006,35,21,6,12,50,5,8,62.5,4,4,100,0,5,5,8,0,1,0,4,17
R0041,RAP004,14,0,0,4,0,0,1,0,0,0,,0,1,1,2,1,0,0,2,-10
R0041,RAP003,40,12,5,7,71.4,2,3,66.7,0,0,,2,6,8,0,1,1,2,2,17
R0042,RAP022,23,18,7,9,77.8,2,2,100,2,2,100,1,5,6,0,0,2,5,4,3
R0042,RAP020,26,12,4,8,50,0,1,0,4,4,100,2,8,10,4,0,0,3,1,5
R0042,RAP019,24,5,2,7,28.6,1,4,25,0,0,,2,3,5,1,1,1,1,0,14
R0042,RAP018,32,23,10,12,83.3,3,3,100,0,0,,0,2,2,1,1,0,0,3,15
R0042,RAP014,1,0,0,0,,0,0,,0,0,,0,0,0,1,0,0,0,0,0
R0042,RAP013,32,12,4,10,40,2,6,33.3,2,2,100,0,3,3,8,3,1,4,3,6
R0042,RAP007,21,11,4,11,36.4,0,0,,3,3,100,1,8,9,0,1,0,0,2,10
R0042,RAP006,35,12,3,10,30,1,6,16.7,5,6,83.3,0,2,2,8,0,0,1,2,9
R0042,RAP004,25,10,4,8,50,2,2,100,0,0,,2,2,4,6,2,0,0,3,12
R0042,RAP003,19,15,5,9,55.6,5,8,62.5,0,0,,0,0,0,1,1,0,1,3,6
R0042,RAP001,2,3,1,1,100,1,1,100,0,0,,0,0,0,0,0,0,0,0,0
R0043,RAP022,32,13,5,12,41.7,1,4,25,2,2,100,1,5,6,0,2,2,3,1,17
R0043,RAP020,35,13,6,13,46.2,0,3,0,1,4,25,1,9,10,3,1,1,4,5,5
R0043,RAP019,28,14,5,6,83.3,2,2,100,2,2,100,1,1,2,1,2,0,1,3,6
R0043,RAP018,17,2,1,7,14.3,0,3,0,0,0,,0,3,3,1,0,1,0,0,-17
R0043,RAP013,32,16,5,12,41.7,3,9,33.3,3,4,75,0,2,2,6,4,1,3,2,-4
R0043,RAP012,35,31,11,18,61.1,3,6,50,6,7,85.7,1,3,4,6,6,1,1,2,10
R0043,RAP007,10,2,1,3,33.3,0,0,,0,2,0,2,4,6,0,0,0,2,2,-9
R0043,RAP006,34,9,1,6,16.7,1,4,25,6,6,100,0,5,5,4,2,0,4,3,2
R0043,RAP004,16,4,2,3,66.7,0,1,0,0,0,,0,1,1,5,1,1,0,2,5
R0044,RAP022,25,14,7,15,46.7,0,3,0,0,0,,1,8,9,1,0,1,3,1,13
R0044,RAP020,26,16,6,13,46.2,0,2,0,4,7,57.1,2,4,6,2,1,0,1,3,20
R0044,RAP019,22,13,5,6,83.3,2,3,66.7,1,4,25,0,3,3,1,0,0,0,0,4
R0044,RAP018,21,13,5,11,45.5,0,3,0,3,3,100,1,1,2,2,0,0,1,5,-9
R0044,RAP015,2,0,0,1,0,0,1,0,0,0,,0,0,0,0,0,0,0,0,-5
R0044,RAP013,23,4,1,3,33.3,1,3,33.3,1,2,50,0,2,2,8,1,0,0,4,1
R0044,RAP012,27,20,9,18,50,2,5,40,0,1,0,4,7,11,4,1,0,2,1,24
R0044,RAP007,15,10,4,8,50,0,1,0,2,2,100,2,6,8,2,0,1,1,1,16
R0044,RAP006,19,10,3,8,37.5,3,5,60,1,2,50,0,2,2,6,1,0,1,2,17
R0044,RAP004,23,12,5,11,45.5,1,3,33.3,1,1,100,1,4,5,2,3,0,0,2,16
R0044,RAP003,25,8,2,4,50,2,3,66.7,2,2,100,0,2,2,4,3,2,0,2,13
R0044,RAP001,5,2,1,4,25,0,1,0,0,0,,2,0,2,0,0,0,0,1,-18
R0044,RAP002,7,0,0,3,0,0,2,0,0,0,,0,3,3,0,0,0,0,0,-7
R0045,RAP022,41,10,3,9,33.3,2,3,66.7,2,3,66.7,0,4,4,0,1,1,2,4,4
R0045,RAP020,44,24,9,16,56.3,0,2,0,6,6,100,5,14,19,2,3,2,5,6,-5
R0045,RAP019,21,7,2,6,33.3,0,2,0,3,3,100,1,3,4,0,2,0,1,3,-5
R0045,RAP018,13,9,3,5,60,2,3,66.7,1,2,50,0,0,0,3,1,0,2,0,3
R0045,RAP013,50,12,4,15,26.7,2,10,20,2,3,66.7,1,4,5,11,2,0,5,4,13
R0045,RAP012,45,41,15,29,51.7,3,6,50,8,9,88.9,6,5,11,5,3,2,3,3,-1
R0045,RAP007,12,4,1,1,100,0,0,,2,4,50,0,1,1,0,1,0,2,3,2
R0045,RAP004,22,17,7,11,63.6,1,2,50,2,2,100,4,2,6,3,1,1,0,2,-4
R0045,RAP003,42,16,5,12,41.7,3,8,37.5,3,4,75,0,9,9,0,2,2,1,2,3
R0046,RAP022,34,22,10,21,47.6,0,3,0,2,3,66.7,5,5,10,0,0,0,1,3,-6
R0046,RAP020,36,6,3,6,50,0,0,,0,0,,1,3,4,7,1,0,3,4,1
R0046,RAP018,24,11,5,9,55.6,1,2,50,0,0,,0,1,1,1,2,0,0,1,-8
R0046,RAP013,34,10,3,10,30,1,5,20,3,3,100,1,5,6,7,1,1,1,2,-7
R0046,RAP012,36,33,10,19,52.6,2,8,25,11,11,100,0,4,4,2,4,0,1,0,-3
R0046,RAP007,15,11,4,6,66.7,0,0,,3,4,75,4,5,9,0,0,0,1,1,-5
R0046,RAP006,18,0,0,3,0,0,2,0,0,0,,1,1,2,2,1,0,1,1,-3
R0046,RAP004,12,0,0,3,0,0,1,0,0,0,,0,0,0,0,0,0,0,0,-7
R0046,RAP003,31,15,6,15,40,3,8,37.5,0,0,,2,4,6,1,0,1,2,2,-7
R0047,RAP022,31,22,11,19,57.9,0,1,0,0,2,0,3,3,6,1,0,1,3,4,1
R0047,RAP021,6,0,0,1,0,0,1,0,0,0,,0,1,1,0,0,0,1,2,-10
R0047,RAP020,33,10,4,8,50,0,3,0,2,2,100,2,10,12,5,1,2,1,1,-3
R0047,RAP018,21,4,1,4,25,0,1,0,2,2,100,0,1,1,2,2,0,2,0,7
R0047,RAP013,40,16,4,15,26.7,2,10,20,6,9,66.7,1,8,9,8,2,0,4,4,11
R0047,RAP007,11,9,4,7,57.1,0,0,,1,2,50,2,3,5,0,0,2,2,5,-4
R0047,RAP006,31,15,6,11,54.5,1,3,33.3,2,2,100,0,2,2,4,0,1,0,3,-7
R0047,RAP004,19,10,4,5,80,0,0,,2,2,100,0,0,0,5,1,0,1,1,2
R0047,RAP003,26,9,3,6,50,1,3,33.3,2,3,66.7,0,1,1,1,1,0,0,2,3
R0047,RAP001,5,3,1,3,33.3,0,1,0,1,1,100,0,0,0,0,0,1,0,3,5
R0047,RAP002,17,13,5,7,71.4,3,5,60,0,0,,1,1,2,1,1,1,0,2,5
R0048,RAP022,26,18,9,13,69.2,0,1,0,0,0,,4,1,5,0,0,1,0,4,21
R0048,RAP021,18,2,1,2,50,0,0,,0,0,,0,2,2,2,1,0,3,0,-7
R0048,RAP020,29,17,7,12,58.3,0,1,0,3,4,75,2,6,8,2,1,0,0,2,40
R0048,RAP018,19,14,6,7,85.7,2,2,100,0,0,,0,1,1,4,3,0,0,1,9
R0048,RAP015,5,3,1,2,50,1,2,50,0,0,,0,0,0,0,0,0,0,0,-4
R0048,RAP013,29,12,3,8,37.5,1,4,25,5,5,100,1,3,4,7,2,1,1,1,38
R0048,RAP011,5,0,0,1,0,0,0,,0,0,,0,2,2,1,0,0,1,0,-4
R0048,RAP007,11,0,0,3,0,0,0,,0,0,,0,2,2,2,0,0,2,3,7
R0048,RAP006,26,4,1,8,12.5,1,4,25,1,1,100,1,1,2,7,2,1,1,1,26
R0048,RAP004,23,9,3,6,50,1,2,50,2,2,100,0,1,1,3,3,2,1,2,7
R0048,RAP003,23,24,8,12,66.7,8,12,66.7,0,0,,0,6,6,3,2,1,0,1,22
R0048,RAP001,9,3,1,4,25,1,2,50,0,0,,0,3,3,0,0,2,0,1,-6
R0048,RAP002,17,13,4,12,33.3,2,6,33.3,3,4,75,0,1,1,0,5,0,1,1,-4
R0049,RAP022,25,15,5,13,38.5,0,3,0,5,6,83.3,2,8,10,1,0,0,1,1,1
R0049,RAP021,7,0,0,2,0,0,1,0,0,0,,1,2,3,1,1,0,1,1,-2
R0049,RAP020,31,18,8,14,57.1,1,4,25,1,1,100,1,3,4,1,1,1,2,3,11
R0049,RAP018,21,11,4,7,57.1,1,2,50,2,5,40,0,1,1,1,0,0,1,1,15
R0049,RAP015,1,0,0,0,,0,0,,0,0,,0,0,0,0,0,0,0,0,-2
R0049,RAP013,34,19,6,15,40,4,9,44.4,3,3,100,1,3,4,9,0,1,4,3,9
R0049,RAP011,1,0,0,1,0,0,0,,0,0,,0,0,0,0,0,0,0,0,-2
R0049,RAP007,12,0,0,4,0,0,0,,0,4,0,2,2,4,1,2,0,2,2,14
R0049,RAP006,32,19,6,10,60,3,6,50,4,5,80,1,6,7,7,1,1,2,3,7
R0049,RAP004,24,9,2,6,33.3,1,2,50,4,5,80,1,5,6,2,1,0,3,2,24
R0049,RAP003,23,6,2,8,25,2,6,33.3,0,0,,1,1,2,1,1,1,0,2,-6
R0049,RAP001,12,8,2,4,50,0,2,0,4,4,100,1,2,3,0,0,0,0,0,2
R0049,RAP002,16,15,5,7,71.4,4,5,80,1,2,50,1,1,2,1,0,1,0,3,4
R0050,RAP022,35,23,11,19,57.9,0,2,0,1,1,100,3,8,11,3,0,3,0,1,-5
R0050,RAP021,12,0,0,1,0,0,1,0,0,0,,2,3,5,2,1,0,0,2,7
R0050,RAP020,37,16,5,16,31.3,1,4,25,5,5,100,3,6,9,4,0,0,0,4,-12
R0050,RAP018,20,12,4,9,44.4,3,6,50,1,2,50,0,1,1,2,0,1,2,3,4
R0050,RAP013,37,20,6,13,46.2,3,7,42.9,5,6,83.3,2,3,5,7,0,1,5,6,-2
R0050,RAP007,8,1,0,0,,0,0,,1,4,25,0,2,2,1,0,0,0,1,-5
R0050,RAP006,37,14,5,14,35.7,2,6,33.3,2,2,100,0,2,2,3,0,0,2,3,-9
R0050,RAP004,14,4,2,5,40,0,1,0,0,0,,0,3,3,3,0,0,0,0,0
R0050,RAP003,27,10,3,9,33.3,2,8,25,2,2,100,0,5,5,3,0,0,0,0,-5
R0050,RAP002,12,6,2,6,33.3,1,4,25,1,1,100,0,2,2,0,1,0,0,2,7
R0051,RAP022,32,12,5,10,50,0,2,0,2,2,100,5,9,14,0,0,0,3,6,-9
R0051,RAP021,1,0,0,0,,0,0,,0,0,,0,0,0,0,0,0,0,1,1
R0051,RAP020,34,22,9,15,60,2,2,100,2,2,100,4,8,12,3,0,0,2,3,6
R0051,RAP019,11,2,1,3,33.3,0,1,0,0,1,0,0,1,1,0,0,0,0,2,-6
R0051,RAP018,20,10,4,8,50,2,4,50,0,0,,1,1,2,3,1,0,1,1,4
R0051,RAP013,38,9,2,9,22.2,1,6,16.7,4,4,100,0,4,4,11,1,0,4,2,-4
R0051,RAP012,39,32,11,19,57.9,3,6,50,7,7,100,1,6,7,5,2,0,6,2,5
R0051,RAP007,7,2,1,2,50,0,0,,0,0,,0,1,1,0,0,0,0,0,-11
R0051,RAP006,21,8,3,9,33.3,0,3,0,2,2,100,1,3,4,4,0,0,2,1,-2
R0051,RAP003,31,22,8,14,57.1,6,10,60,0,0,,0,1,1,1,0,1,0,4,11
R0051,RAP002,9,0,0,2,0,0,2,0,0,0,,0,1,1,0,0,0,1,3,-5
R0052,RAP022,36,11,3,9,33.3,0,1,0,5,8,62.5,1,10,11,2,1,2,0,5,-2
R0052,RAP020,37,14,4,11,36.4,1,3,33.3,5,5,100,1,4,5,2,1,0,1,4,9
R0052,RAP019,11,5,2,4,50,1,3,33.3,0,0,,1,1,2,0,0,0,0,2,6
R0052,RAP018,16,9,2,3,66.7,1,1,100,4,4,100,0,1,1,0,0,0,2,5,-6
R0052,RAP013,37,19,5,14,35.7,5,10,50,4,4,100,2,3,5,9,1,2,1,4,9
R0052,RAP012,35,33,10,23,43.5,3,8,37.5,10,11,90.9,1,9,10,3,0,0,0,1,0
R0052,RAP007,3,0,0,0,,0,0,,0,0,,1,0,1,0,0,0,0,0,-3
R0052,RAP006,21,13,4,9,44.4,3,4,75,2,2,100,0,1,1,6,0,0,0,1,-7
R0052,RAP004,13,9,3,4,75,1,1,100,2,4,50,0,1,1,1,1,1,3,1,1
R0052,RAP003,31,10,4,6,66.7,2,3,66.7,0,0,,1,6,7,1,2,0,0,4,8
R0053,RAP022,39,12,4,15,26.7,0,5,0,4,4,100,2,8,10,2,2,3,3,1,-9
R0053,RAP021,4,2,0,1,0,0,1,0,2,2,100,0,1,1,0,0,0,0,1,-2
R0053,RAP020,38,28,12,19,63.2,2,3,66.7,2,3,66.7,1,2,3,3,1,0,3,4,-15
R0053,RAP019,7,0,0,2,0,0,2,0,0,0,,0,1,1,1,0,0,0,1,-7
R0053,RAP018,23,10,4,6,66.7,2,2,100,0,0,,0,4,4,2,1,0,1,3,1
R0053,RAP013,34,10,4,11,36.4,1,6,16.7,1,1,100,1,3,4,3,0,0,5,3,-10
R0053,RAP012,35,16,7,20,35,0,2,0,2,3,66.7,2,6,8,2,3,0,1,2,-8
R0053,RAP007,1,0,0,0,,0,0,,0,0,,0,0,0,0,0,0,0,0,0
R0053,RAP006,30,10,4,9,44.4,2,4,50,0,0,,0,2,2,3,1,0,1,3,3
R0053,RAP004,16,4,2,6,33.3,0,1,0,0,0,,2,0,2,0,1,0,1,2,-4
R0053,RAP003,13,0,0,4,0,0,1,0,0,0,,0,4,4,0,0,1,1,0,-14
R0054,RAP022,22,16,6,9,66.7,1,2,50,3,4,75,5,7,12,0,0,1,1,3,14
R0054,RAP021,12,0,0,0,,0,0,,0,0,,0,1,1,2,0,0,2,2,-1
R0054,RAP020,22,15,4,10,40,1,4,25,6,7,85.7,1,3,4,0,0,1,1,2,13
R0054,RAP019,24,4,1,3,33.3,0,2,0,2,2,100,0,3,3,0,2,1,2,5,4
R0054,RAP018,16,7,3,11,27.3,0,5,0,1,1,100,2,3,5,1,0,1,1,2,11
R0054,RAP012,26,18,6,12,50,3,5,60,3,3,100,1,4,5,2,0,0,2,1,8
R0054,RAP011,4,2,1,5,20,0,3,0,0,1,0,0,0,0,0,0,0,0,0,-5
R0054,RAP007,20,9,3,8,37.5,0,0,,3,4,75,0,7,7,1,1,0,2,3,7
R0054,RAP006,26,9,4,10,40,1,4,25,0,0,,1,4,5,7,3,0,2,3,11
R0054,RAP004,20,14,5,10,50,0,1,0,4,5,80,1,2,3,3,2,0,0,0,13
R0054,RAP003,20,4,2,4,50,0,1,0,0,0,,1,2,3,4,0,0,0,1,8
R0054,RAP001,6,8,4,6,66.7,0,1,0,0,0,,2,2,4,0,1,0,0,2,-3
R0054,RAP002,22,15,4,6,66.7,3,5,60,4,4,100,2,2,4,1,1,1,1,4,10
R0055,RAP022,27,20,10,15,66.7,0,1,0,0,0,,3,7,10,3,0,0,1,5,24
R0055,RAP020,30,16,7,15,46.7,2,6,33.3,0,3,0,2,4,6,2,1,0,2,2,8
R0055,RAP019,14,2,1,5,20,0,1,0,0,0,,2,2,4,2,0,0,1,3,7
R0055,RAP018,16,14,5,6,83.3,1,2,50,3,4,75,0,0,0,0,1,0,0,4,4
R0055,RAP013,35,20,7,16,43.8,5,9,55.6,1,2,50,0,1,1,6,2,0,3,4,13
R0055,RAP012,35,24,3,11,27.3,2,7,28.6,16,17,94.1,2,5,7,3,3,0,3,1,2
R0055,RAP007,18,10,5,8,62.5,0,0,,0,0,,5,2,7,0,0,0,0,4,-14
R0055,RAP006,25,3,1,4,25,1,2,50,0,0,,0,1,1,2,2,0,0,0,10
R0055,RAP004,18,8,1,7,14.3,0,2,0,6,6,100,1,3,4,5,2,0,0,1,0
R0055,RAP003,21,2,1,2,50,0,1,0,0,0,,0,2,2,4,1,0,0,3,6
R0055,RAP002,0,0,0,0,,0,0,,0,0,,0,0,0,0,0,0,0,0,0
R0056,RAP022,26,12,4,10,40,0,1,0,4,6,66.7,0,5,5,2,0,0,0,2,-8
R0056,RAP021,19,0,0,2,0,0,1,0,0,0,,1,3,4,1,2,0,0,4,18
R0056,RAP020,40,33,12,20,60,2,5,40,7,9,77.8,4,10,14,4,2,1,2,3,23
R0056,RAP019,26,6,2,5,40,2,4,50,0,0,,2,6,8,1,1,0,2,4,24
R0056,RAP018,21,11,3,7,42.9,1,3,33.3,4,4,100,1,1,2,2,0,0,1,1,-4
R0056,RAP013,36,13,3,13,23.1,3,11,27.3,4,6,66.7,3,5,8,13,0,1,2,3,6
R0056,RAP011,7,2,1,1,100,0,0,,0,0,,0,0,0,0,0,0,0,2,-4
R0056,RAP006,37,30,11,22,50,4,11,36.4,4,5,80,0,5,5,6,0,0,1,2,32
R0056,RAP003,27,12,4,7,57.1,1,4,25,3,3,100,1,3,4,0,1,0,0,2,3
R0057,RAP022,29,15,5,10,50,0,1,0,5,6,83.3,2,11,13,4,1,0,2,2,2
R0057,RAP021,13,4,1,1,100,0,0,,2,2,100,1,1,2,0,1,1,0,2,-3
R0057,RAP020,33,10,3,13,23.1,0,3,0,4,5,80,2,6,8,2,1,0,0,2,13
R0057,RAP019,16,2,0,2,0,0,1,0,2,2,100,0,3,3,0,0,0,1,1,0
R0057,RAP018,16,14,5,14,35.7,3,9,33.3,1,1,100,0,1,1,3,0,0,0,1,1
R0057,RAP017,19,7,3,7,42.9,0,0,,1,2,50,1,5,6,1,2,1,2,1,3
R0057,RAP013,34,22,6,10,60,5,7,71.4,5,6,83.3,3,1,4,5,2,2,2,4,6
R0057,RAP012,32,11,4,15,26.7,1,5,20,2,3,66.7,0,5,5,6,1,0,2,1,2
R0057,RAP006,20,5,1,5,20,1,3,33.3,2,2,100,0,1,1,6,0,0,3,1,-7
R0057,RAP003,30,14,5,9,55.6,4,6,66.7,0,0,,1,3,4,0,0,1,0,0,8
R0058,RAP022,26,18,9,13,69.2,0,2,0,0,0,,2,10,12,1,1,2,0,1,-2
R0058,RAP021,20,13,5,9,55.6,1,4,25,2,2,100,1,2,3,1,2,0,0,0,0
R0058,RAP020,35,17,6,13,46.2,0,1,0,5,6,83.3,0,4,4,4,2,0,3,2,-1
R0058,RAP019,18,6,3,5,60,0,1,0,0,0,,1,1,2,1,2,0,1,2,0
R0058,RAP018,18,5,2,6,33.3,0,2,0,1,1,100,0,1,1,3,0,0,2,0,7
R0058,RAP017,22,16,7,9,77.8,1,1,100,1,2,50,0,6,6,2,1,1,2,2,4
R0058,RAP013,34,13,5,9,55.6,3,7,42.9,0,0,,0,6,6,7,0,0,0,4,0
R0058,RAP012,34,30,10,20,50,1,5,20,9,9,100,1,1,2,8,1,0,3,2,-7
R0058,RAP003,33,9,3,8,37.5,3,8,37.5,0,0,,0,4,4,5,3,0,2,3,9
R0059,RAP022,31,10,4,9,44.4,1,1,100,1,2,50,2,11,13,6,0,2,2,4,9
R0059,RAP020,33,44,15,25,60,4,5,80,10,12,83.3,3,7,10,2,0,3,4,5,24
R0059,RAP019,36,22,9,14,64.3,4,8,50,0,0,,0,5,5,0,1,0,0,5,18
R0059,RAP018,31,11,3,10,30,0,5,0,5,6,83.3,2,2,4,4,1,0,0,2,-12
R0059,RAP017,19,7,2,7,28.6,0,0,,3,4,75,2,5,7,2,2,2,1,2,-3
R0059,RAP013,34,14,4,12,33.3,4,10,40,2,2,100,0,4,4,13,3,0,4,5,12
R0059,RAP011,1,0,0,0,,0,0,,0,0,,0,0,0,0,0,0,0,1,-1
R0059,RAP008,25,8,3,7,42.9,0,3,0,2,2,100,0,5,5,5,1,1,3,1,10
R0059,RAP003,28,10,3,6,50,2,4,50,2,2,100,0,4,4,0,0,0,0,1,-4
R0059,RAP001,3,3,1,2,50,1,2,50,0,0,,0,0,0,0,0,0,0,1,-8
R0060,RAP022,31,13,4,13,30.8,1,3,33.3,4,6,66.7,6,9,15,2,0,1,1,4,5
R0060,RAP021,11,0,0,1,0,0,1,0,0,0,,0,2,2,1,0,0,0,1,3
R0060,RAP020,33,22,7,10,70,2,2,100,6,9,66.7,1,2,3,6,2,0,2,4,-8
R0060,RAP019,16,9,3,4,75,3,3,100,0,0,,1,1,2,0,0,0,0,1,4
R0060,RAP018,13,2,1,6,16.7,0,0,,0,0,,0,3,3,0,0,0,0,0,4
R0060,RAP017,17,4,2,7,28.6,0,1,0,0,0,,2,4,6,6,0,0,2,5,-4
R0060,RAP013,35,17,5,10,50,3,6,50,4,4,100,0,3,3,5,2,1,3,1,1
R0060,RAP012,35,25,8,23,34.8,0,4,0,9,10,90,3,3,6,2,2,1,1,2,8
R0060,RAP008,19,11,4,11,36.4,0,3,0,3,3,100,0,3,3,2,1,0,0,0,-1
R0060,RAP003,29,17,6,9,66.7,5,7,71.4,0,0,,1,3,4,0,1,0,0,2,3
R0061,RAP022,24,14,7,14,50,0,1,0,0,0,,3,2,5,0,0,0,2,2,-17
R0061,RAP021,15,8,3,5,60,1,1,100,1,1,100,0,2,2,1,1,0,0,1,-14
R0061,RAP020,37,10,3,10,30,2,4,50,2,2,100,0,11,11,3,0,2,0,1,-5
R0061,RAP019,24,5,2,6,33.3,1,2,50,0,0,,1,5,6,0,1,0,1,1,-13
R0061,RAP018,15,0,0,3,0,0,1,0,0,0,,0,0,0,2,0,0,1,1,-13
R0061,RAP017,24,16,7,13,53.8,1,1,100,1,2,50,2,3,5,5,0,0,1,4,-7
R0061,RAP013,36,19,6,13,46.2,2,6,33.3,5,5,100,0,4,4,10,4,0,5,4,-7
R0061,RAP009,17,10,4,9,44.4,2,5,40,0,0,,0,2,2,0,0,0,0,1,7
R0061,RAP008,18,6,2,8,25,0,2,0,2,4,50,0,1,1,5,0,0,1,3,-14
R0061,RAP003,27,10,4,9,44.4,2,4,50,0,0,,0,6,6,4,0,0,2,2,3
R0061,RAP001,3,0,0,1,0,0,1,0,0,0,,0,0,0,0,0,0,0,0,5
R0062,RAP022,20,14,6,7,85.7,2,2,100,0,0,,0,2,2,0,0,0,0,2,5
R0062,RAP021,13,6,2,7,28.6,0,2,0,2,2,100,0,2,2,1,1,0,0,5,3
R0062,RAP020,30,25,10,16,62.5,4,5,80,1,1,100,1,7,8,2,2,1,0,1,22
R0062,RAP019,20,5,2,5,40,1,3,33.3,0,0,,0,1,1,1,0,1,1,1,8
R0062,RAP018,18,11,4,6,66.7,3,4,75,0,0,,0,1,1,0,1,0,2,2,17
R0062,RAP017,23,5,2,6,33.3,1,1,100,0,2,0,1,4,5,8,0,1,0,1,18
R0062,RAP016,5,3,1,3,33.3,1,2,50,0,0,,0,1,1,0,0,0,0,0,0
R0062,RAP013,35,7,2,6,33.3,1,4,25,2,4,50,2,4,6,11,1,0,3,3,18
R0062,RAP012,26,21,9,15,60,1,3,33.3,2,3,66.7,0,6,6,4,1,0,1,0,12
R0062,RAP009,7,5,2,4,50,1,3,33.3,0,0,,0,2,2,1,0,0,0,1,0
R0062,RAP008,25,8,3,9,33.3,0,2,0,2,2,100,2,4,6,3,0,0,1,3,4
R0062,RAP003,14,6,2,7,28.6,2,4,50,0,0,,1,2,3,2,1,0,0,4,8
R0062,RAP001,5,2,1,3,33.3,0,1,0,0,0,,1,1,2,0,0,2,0,1,0
R0063,RAP022,16,2,0,5,0,0,2,0,2,2,100,1,6,7,0,0,1,0,3,-18
R0063,RAP021,11,0,0,0,,0,0,,0,0,,1,0,1,0,3,0,1,0,-12
R0063,RAP020,35,16,4,8,50,2,4,50,6,8,75,0,4,4,4,0,0,3,4,19
R0063,RAP019,14,2,1,2,50,0,1,0,0,0,,0,0,0,0,0,1,0,1,-14
R0063,RAP018,17,4,2,5,40,0,2,0,0,0,,0,1,1,2,0,1,1,1,-11
R0063,RAP017,32,19,9,13,69.2,0,2,0,1,1,100,0,8,8,6,2,1,2,1,23
R0063,RAP013,40,19,7,13,53.8,3,8,37.5,2,2,100,0,7,7,10,1,2,3,4,6
R0063,RAP012,34,38,14,22,63.6,2,4,50,8,8,100,0,3,3,5,3,0,2,1,14
R0063,RAP008,17,8,4,8,50,0,1,0,0,0,,0,0,0,1,0,0,1,1,-10
R0063,RAP003,24,11,4,5,80,3,4,75,0,0,,0,1,1,1,0,0,1,1,13
R0064,RAP022,20,5,2,7,28.6,1,1,100,0,0,,4,7,11,1,0,0,0,2,-4
R0064,RAP021,12,2,1,2,50,0,1,0,0,0,,0,1,1,1,1,0,0,2,-6
R0064,RAP020,44,21,10,20,50,1,4,25,0,2,0,1,8,9,5,0,0,3,5,2
R0064,RAP019,35,13,5,10,50,1,4,25,2,2,100,5,1,6,0,0,1,0,3,-2
R0064,RAP018,20,11,4,9,44.4,2,4,50,1,1,100,1,4,5,2,1,0,5,1,1
R0064,RAP017,38,13,2,10,20,1,2,50,8,8,100,4,4,8,5,1,2,1,6,-1
R0064,RAP013,42,35,11,24,45.8,6,14,42.9,7,9,77.8,1,6,7,5,1,0,3,3,2
R0064,RAP008,25,1,0,8,0,0,5,0,1,2,50,1,0,1,2,1,0,1,1,-13
R0064,RAP003,29,6,2,6,33.3,2,4,50,0,0,,1,1,2,1,3,0,2,5,-4
R0065,RAP022,30,10,4,7,57.1,0,0,,2,3,66.7,5,10,15,2,0,5,2,4,18
R0065,RAP021,10,3,1,1,100,1,1,100,0,0,,0,0,0,1,0,0,0,0,-15
R0065,RAP020,38,17,7,12,58.3,2,4,50,1,4,25,4,6,10,3,0,0,2,1,11
R0065,RAP019,14,3,1,2,50,1,2,50,0,0,,0,1,1,0,0,0,0,0,-30
R0065,RAP018,10,4,2,6,33.3,0,1,0,0,0,,1,0,1,0,0,0,0,4,-16
R0065,RAP017,18,8,3,5,60,0,1,0,2,2,100,0,1,1,0,0,0,0,2,-30
R0065,RAP013,42,8,4,16,25,0,5,0,0,0,,2,4,6,6,0,0,5,3,-5
R0065,RAP012,36,26,10,22,45.5,1,4,25,5,5,100,2,4,6,1,1,0,1,0,10
R0065,RAP008,11,2,1,5,20,0,1,0,0,0,,1,1,2,2,0,0,3,1,-22
R0065,RAP003,32,14,4,13,30.8,4,13,30.8,2,2,100,1,4,5,1,0,0,0,0,19
R0066,RAP022,25,12,6,10,60,0,1,0,0,0,,2,9,11,1,1,5,0,1,11
R0066,RAP021,7,0,0,1,0,0,1,0,0,0,,0,2,2,3,0,0,0,1,11
R0066,RAP020,29,19,7,15,46.7,1,4,25,4,4,100,1,4,5,4,1,2,2,1,10
R0066,RAP019,23,7,3,4,75,1,2,50,0,0,,1,2,3,3,3,0,2,2,13
R0066,RAP018,22,8,4,8,50,0,2,0,0,0,,0,3,3,0,0,0,2,1,6
R0066,RAP017,19,4,2,6,33.3,0,2,0,0,0,,1,8,9,1,0,2,2,2,6
R0066,RAP016,4,6,2,4,50,2,3,66.7,0,0,,0,0,0,0,0,0,0,0,6
R0066,RAP013,34,13,4,12,33.3,3,9,33.3,2,2,100,1,10,11,12,2,0,1,0,11
R0066,RAP012,27,31,14,20,70,1,5,20,2,3,66.7,0,1,1,2,2,0,2,1,15
R0066,RAP008,22,14,6,9,66.7,2,3,66.7,0,0,,0,1,1,3,0,0,4,5,8
R0066,RAP003,24,13,5,8,62.5,3,4,75,0,0,,0,3,3,2,1,1,1,0,12
R0066,RAP001,4,0,0,2,0,0,1,0,0,0,,1,1,2,0,0,2,0,0,6
R0067,RAP022,22,10,4,7,57.1,1,3,33.3,1,2,50,0,8,8,1,0,3,0,0,18
R0067,RAP021,26,10,3,4,75,3,3,100,1,2,50,0,3,3,2,0,0,1,1,22
R0067,RAP020,29,20,8,12,66.7,1,2,50,3,5,60,1,4,5,5,1,1,1,2,12
R0067,RAP019,24,11,3,5,60,0,1,0,5,6,83.3,2,1,3,1,2,1,3,4,3
R0067,RAP018,24,15,4,7,57.1,3,5,60,4,4,100,1,1,2,4,0,0,2,3,-1
R0067,RAP017,22,6,3,6,50,0,1,0,0,0,,1,5,6,3,2,1,2,1,4
R0067,RAP016,4,3,1,2,50,1,2,50,0,0,,0,0,0,1,0,0,0,0,-1
R0067,RAP013,35,24,8,14,57.1,6,11,54.5,2,3,66.7,1,6,7,10,0,0,6,2,31
R0067,RAP008,23,11,3,7,42.9,1,3,33.3,4,4,100,0,3,3,1,2,2,1,5,3
R0067,RAP003,26,15,5,9,55.6,5,8,62.5,0,0,,0,6,6,4,1,0,3,3,15
R0067,RAP001,4,0,0,1,0,0,1,0,0,0,,0,1,1,0,0,0,0,2,-1
R0068,RAP022,17,8,3,6,50,0,2,0,2,3,66.7,1,6,7,0,0,1,0,0,-4
R0068,RAP021,19,2,1,2,50,0,1,0,0,0,,0,1,1,2,2,0,0,1,-5
R0068,RAP020,29,15,6,13,46.2,0,4,0,3,3,100,1,3,4,3,1,0,2,5,-15
R0068,RAP019,26,8,3,6,50,1,3,33.3,1,2,50,3,1,4,1,1,1,2,3,-11
R0068,RAP018,19,9,4,8,50,0,3,0,1,1,100,1,1,2,0,0,0,5,1,-18
R0068,RAP017,22,2,1,6,16.7,0,2,0,0,1,0,0,7,7,4,1,0,3,4,-11
R0068,RAP016,4,3,1,1,100,1,1,100,0,0,,0,0,0,0,0,0,0,0,-6
R0068,RAP013,30,14,5,8,62.5,4,7,57.1,0,0,,0,5,5,6,1,1,3,4,-14
R0068,RAP012,31,25,11,19,57.9,3,8,37.5,0,3,0,0,9,9,2,1,0,2,1,-8
R0068,RAP008,21,8,3,9,33.3,1,5,20,1,2,50,0,1,1,2,0,0,1,3,-15
R0068,RAP003,20,5,2,5,40,1,3,33.3,0,0,,0,1,1,0,0,0,1,0,-12
R0068,RAP001,4,2,0,1,0,0,0,,2,2,100,0,2,2,0,1,0,1,2,-6
R0069,RAP021,27,6,1,3,33.3,1,1,100,3,4,75,0,1,1,2,1,1,2,3,2
R0069,RAP020,39,16,3,16,18.8,0,4,0,10,12,83.3,3,2,5,6,2,2,3,0,14
R0069,RAP019,24,7,3,6,50,1,3,33.3,0,0,,2,2,4,0,2,0,1,2,0
R0069,RAP018,24,20,7,14,50,3,6,50,3,4,75,1,7,8,2,2,1,0,2,11
R0069,RAP017,26,15,5,10,50,2,4,50,3,3,100,2,5,7,4,2,0,2,3,17
R0069,RAP016,12,6,2,5,40,2,5,40,0,0,,0,0,0,0,1,0,0,2,-4
R0069,RAP012,32,25,8,20,40,5,8,62.5,4,6,66.7,0,8,8,4,2,0,4,1,17
R0069,RAP011,1,0,0,1,0,0,1,0,0,0,,0,0,0,0,0,0,0,0,0
R0069,RAP008,21,9,4,9,44.4,1,5,20,0,0,,0,7,7,1,0,1,1,3,4
R0069,RAP005,5,2,1,1,100,0,0,,0,0,,2,3,5,0,0,0,1,0,1
R0069,RAP003,19,3,1,3,33.3,1,3,33.3,0,0,,2,2,4,2,2,0,3,3,9
R0069,RAP001,8,2,1,3,33.3,0,1,0,0,0,,1,2,3,0,1,1,0,1,-6
R0070,RAP021,10,0,0,0,,0,0,,0,0,,0,1,1,0,0,0,0,0,-4
R0070,RAP020,32,12,6,13,46.2,0,2,0,0,0,,0,3,3,3,1,0,1,6,-7
R0070,RAP019,19,8,3,7,42.9,1,2,50,1,1,100,1,2,3,0,0,0,3,2,-5
R0070,RAP018,18,10,4,8,50,1,4,25,1,1,100,0,1,1,1,0,0,2,1,-11
R0070,RAP017,37,9,3,7,42.9,1,4,25,2,2,100,1,10,11,8,0,1,2,2,12
R0070,RAP012,36,33,11,21,52.4,5,8,62.5,6,8,75,4,6,10,2,1,1,1,2,11
R0070,RAP008,17,3,1,4,25,1,2,50,0,0,,0,2,2,3,0,0,0,2,1
R0070,RAP006,31,17,6,10,60,4,5,80,1,2,50,0,1,1,4,0,0,2,3,-4
R0070,RAP005,10,3,1,3,33.3,1,1,100,0,0,,1,2,3,0,0,0,0,3,-16
R0070,RAP003,30,12,4,9,44.4,4,8,50,0,0,,0,3,3,4,0,0,1,1,8
R0071,RAP021,20,2,1,1,100,0,0,,0,0,,0,2,2,1,1,0,1,1,1
R0071,RAP020,30,19,9,14,64.3,1,3,33.3,0,2,0,2,6,8,5,0,1,1,3,37
R0071,RAP019,18,14,6,12,50,1,6,16.7,1,1,100,1,2,3,1,0,2,0,2,6
R0071,RAP018,18,10,4,8,50,0,2,0,2,3,66.7,0,3,3,1,1,1,2,3,-3
R0071,RAP017,22,12,4,8,50,2,5,40,2,2,100,0,11,11,1,1,1,3,3,23
R0071,RAP016,8,6,2,3,66.7,2,3,66.7,0,0,,0,1,1,0,0,0,0,0,6
R0071,RAP013,26,15,5,12,41.7,5,9,55.6,0,1,0,0,6,6,8,0,0,2,0,33
R0071,RAP008,27,20,7,11,63.6,1,3,33.3,5,7,71.4,0,3,3,2,0,0,2,3,3
R0071,RAP006,28,13,5,9,55.6,2,4,50,1,1,100,0,2,2,12,1,1,1,1,33
R0071,RAP005,15,2,1,2,50,0,0,,0,0,,0,5,5,4,0,0,2,5,3
R0071,RAP003,22,13,4,6,66.7,3,4,75,2,5,40,2,2,4,1,0,0,0,0,32
R0071,RAP001,6,2,1,2,50,0,1,0,0,0,,0,2,2,0,1,0,0,1,6
R0072,RAP022,23,6,1,4,25,0,2,0,4,4,100,1,8,9,0,0,2,1,2,-2
R0072,RAP021,5,0,0,0,,0,0,,0,0,,0,1,1,0,0,0,0,1,-1
R0072,RAP020,43,33,14,21,66.7,1,4,25,4,4,100,2,11,13,6,2,1,5,5,9
R0072,RAP019,14,6,2,3,66.7,1,2,50,1,2,50,0,3,3,1,1,1,1,2,8
R0072,RAP018,17,0,0,2,0,0,0,,0,0,,0,4,4,3,1,0,1,2,4
R0072,RAP017,30,10,4,7,57.1,2,3,66.7,0,0,,0,6,6,2,0,1,0,5,11
R0072,RAP012,42,22,8,19,42.1,2,6,33.3,4,5,80,3,7,10,6,2,0,3,3,9
R0072,RAP008,15,6,2,5,40,0,2,0,2,2,100,0,1,1,0,1,0,1,1,6
R0072,RAP006,40,23,8,16,50,3,8,37.5,4,4,100,0,0,0,6,2,0,3,3,6
R0072,RAP003,36,17,6,10,60,5,9,55.6,0,0,,0,5,5,6,2,0,2,3,-5
R0073,RAP022,20,11,5,7,71.4,0,0,,1,2,50,2,4,6,0,0,2,2,3,-14
R0073,RAP020,36,25,9,14,64.3,2,3,66.7,5,5,100,2,3,5,2,2,1,7,5,-4
R0073,RAP019,17,2,1,4,25,0,1,0,0,0,,1,0,1,0,1,1,1,2,-6
R0073,RAP018,18,0,0,3,0,0,0,,0,0,,2,9,11,1,0,0,1,0,-12
R0073,RAP017,28,2,1,1,100,0,0,,0,0,,0,5,5,6,2,2,2,2,7
R0073,RAP012,36,37,12,23,52.2,4,5,80,9,10,90,2,4,6,4,2,0,8,5,12
R0073,RAP008,14,5,2,4,50,1,2,50,0,0,,1,2,3,1,0,0,0,2,-12
R0073,RAP006,36,8,3,11,27.3,0,3,0,2,2,100,1,1,2,5,0,1,0,1,-5
R0073,RAP003,35,19,6,11,54.5,6,11,54.5,1,2,50,0,7,7,1,0,0,0,4,-1
R0074,RAP022,18,10,4,6,66.7,0,0,,2,2,100,1,0,1,0,0,0,0,2,-11
R0074,RAP021,11,2,1,2,50,0,1,0,0,0,,0,0,0,0,0,0,0,1,-17
R0074,RAP020,36,23,9,14,64.3,1,1,100,4,4,100,0,7,7,5,1,1,5,3,8
R0074,RAP019,15,3,1,3,33.3,1,3,33.3,0,0,,1,1,2,2,0,0,2,2,-7
R0074,RAP018,12,10,4,5,80,2,2,100,0,0,,0,0,0,1,2,1,0,2,8
R0074,RAP017,23,17,7,9,77.8,2,3,66.7,1,1,100,0,4,4,6,1,3,1,2,3
R0074,RAP013,28,7,3,5,60,1,3,33.3,0,0,,0,2,2,6,1,1,3,1,-8
R0074,RAP012,34,28,10,18,55.6,2,6,33.3,6,6,100,1,8,9,3,0,2,2,1,10
R0074,RAP008,6,0,0,1,0,0,0,,0,0,,0,1,1,1,0,1,0,0,-8
R0074,RAP006,31,12,5,9,55.6,2,4,50,0,0,,0,5,5,3,0,0,0,2,1
R0074,RAP003,27,2,1,5,20,0,3,0,0,0,,0,4,4,2,1,2,0,1,16
R0075,RAP022,23,16,7,13,53.8,1,2,50,1,1,100,0,8,8,0,0,2,0,3,3
R0075,RAP021,17,4,2,3,66.7,0,0,,0,0,,0,1,1,1,3,0,2,3,-4
R0075,RAP020,21,13,6,10,60,0,0,,1,1,100,1,4,5,2,0,0,2,1,2
R0075,RAP019,25,10,3,4,75,0,1,0,4,4,100,0,1,1,1,1,2,0,3,4
R0075,RAP018,26,20,8,10,80,4,5,80,0,0,,0,3,3,3,0,0,3,0,-5
R0075,RAP017,20,2,1,6,16.7,0,0,,0,0,,0,6,6,1,1,2,1,2,16
R0075,RAP013,21,14,5,9,55.6,4,7,57.1,0,0,,0,2,2,6,1,0,5,0,14
R0075,RAP012,22,14,4,10,40,0,2,0,6,6,100,1,3,4,5,6,0,0,0,14
R0075,RAP009,5,2,1,2,50,0,0,,0,0,,0,0,0,0,0,1,0,0,-10
R0075,RAP008,20,2,1,9,11.1,0,5,0,0,0,,0,4,4,2,0,0,0,3,-15
R0075,RAP006,26,7,1,6,16.7,1,3,33.3,4,4,100,0,3,3,5,0,0,2,0,16
R0075,RAP003,15,8,3,4,75,2,3,66.7,0,0,,0,2,2,2,1,0,0,1,10
R0076,RAP022,24,10,5,9,55.6,0,2,0,0,3,0,2,8,10,1,0,2,1,1,11
R0076,RAP021,19,3,1,3,33.3,1,2,50,0,0,,0,3,3,2,0,0,0,1,-3
R0076,RAP020,31,31,11,19,57.9,2,6,33.3,7,8,87.5,2,3,5,5,1,1,0,4,31
R0076,RAP018,23,11,3,7,42.9,3,4,75,2,2,100,0,3,3,0,2,0,1,2,9
R0076,RAP017,23,2,0,4,0,0,2,0,2,2,100,0,5,5,4,1,0,1,5,22
R0076,RAP016,7,5,1,3,33.3,1,3,33.3,2,2,100,0,0,0,0,0,1,1,0,-4
R0076,RAP013,25,7,3,10,30,1,7,14.3,0,0,,0,4,4,2,2,0,2,3,13
R0076,RAP009,5,6,2,3,66.7,1,2,50,1,1,100,0,1,1,3,0,0,0,1,-3
R0076,RAP008,26,12,4,8,50,1,2,50,3,4,75,0,5,5,5,0,0,0,3,1
R0076,RAP006,32,12,4,13,30.8,4,8,50,0,0,,0,3,3,8,1,2,0,2,27
R0076,RAP003,20,15,5,9,55.6,5,8,62.5,0,0,,2,2,4,2,1,0,1,3,24
R0076,RAP001,5,3,1,1,100,1,1,100,0,0,,0,1,1,0,0,0,1,3,-3
R0077,RAP022,28,23,10,16,62.5,2,5,40,1,1,100,3,9,12,2,0,1,2,3,2
R0077,RAP018,29,15,6,11,54.5,3,6,50,0,0,,0,4,4,4,1,1,0,1,10
R0077,RAP017,29,17,6,11,54.5,3,4,75,2,4,50,1,7,8,6,0,1,1,3,25
R0077,RAP016,11,0,0,2,0,0,1,0,0,0,,0,0,0,0,0,0,0,1,8
R0077,RAP013,28,10,2,10,20,1,5,20,5,6,83.3,1,6,7,8,4,0,3,3,8
R0077,RAP011,6,2,0,0,,0,0,,2,3,66.7,0,1,1,4,0,0,0,0,-1
R0077,RAP009,29,14,6,9,66.7,2,4,50,0,0,,1,4,5,0,1,0,1,0,13
R0077,RAP008,24,12,4,8,50,2,2,100,2,2,100,0,2,2,3,2,0,1,2,7
R0077,RAP006,33,23,9,15,60,3,8,37.5,2,2,100,0,4,4,6,1,0,2,2,30
R0077,RAP003,19,8,3,5,60,2,2,100,0,0,,0,3,3,2,1,0,1,0,10
R0077,RAP001,4,0,0,2,0,0,1,0,0,0,,0,1,1,0,0,1,0,0,3
R0078,RAP022,20,15,7,10,70,1,1,100,0,1,0,1,5,6,1,0,1,3,3,-2
R0078,RAP020,28,6,2,9,22.2,1,3,33.3,1,2,50,1,2,3,4,0,0,2,2,3
R0078,RAP018,17,7,3,6,50,1,4,25,0,0,,0,1,1,1,1,0,2,1,0
R0078,RAP017,25,13,4,8,50,2,3,66.7,3,3,100,0,4,4,4,0,0,0,2,24
R0078,RAP016,4,0,0,1,0,0,1,0,0,0,,0,2,2,0,0,0,0,1,-7
R0078,RAP013,27,12,3,6,50,3,6,50,3,4,75,1,5,6,7,3,1,0,3,19
R0078,RAP012,27,15,5,12,41.7,1,3,33.3,4,4,100,2,5,7,5,1,0,0,1,19
R0078,RAP011,4,5,1,2,50,1,1,100,2,2,100,0,0,0,0,0,0,0,0,-7
R0078,RAP009,12,2,1,3,33.3,0,0,,0,0,,0,1,1,1,0,0,0,0,-8
R0078,RAP008,17,5,1,4,25,0,0,,3,4,75,0,3,3,0,0,1,1,2,-9
R0078,RAP006,27,10,3,6,50,2,4,50,2,2,100,0,0,0,7,2,2,2,1,16
R0078,RAP003,28,29,11,15,73.3,7,10,70,0,0,,0,5,5,1,2,3,3,2,19
R0078,RAP001,4,2,1,2,50,0,1,0,0,0,,1,0,1,0,0,0,1,2,-7
R0079,RAP022,24,23,8,15,53.3,5,5,100,2,2,100,4,8,12,2,1,0,2,4,1
R0079,RAP020,36,28,11,21,52.4,3,7,42.9,3,4,75,5,5,10,5,0,0,1,2,21
R0079,RAP018,12,4,2,5,40,0,1,0,0,0,,0,1,1,0,0,0,0,0,-2
R0079,RAP017,27,8,3,10,30,2,5,40,0,0,,3,6,9,6,4,0,2,2,9
R0079,RAP013,33,10,3,11,27.3,2,7,28.6,2,2,100,2,3,5,4,0,0,0,1,12
R0079,RAP012,34,26,11,25,44,0,4,0,4,4,100,2,7,9,3,0,0,1,1,9
R0079,RAP009,11,5,2,4,50,1,1,100,0,0,,0,0,0,2,0,0,0,1,-6
R0079,RAP008,11,2,1,1,100,0,0,,0,0,,0,1,1,1,0,0,1,1,-4
R0079,RAP006,26,7,2,8,25,2,4,50,1,2,50,0,3,3,3,1,0,0,3,2
R0079,RAP003,25,2,1,5,20,0,4,0,0,0,,1,1,2,3,3,1,0,1,8
R0080,RAP022,21,20,10,15,66.7,0,1,0,0,0,,3,9,12,1,0,2,2,1,-10
R0080,RAP020,29,14,5,9,55.6,2,3,66.7,2,2,100,0,5,5,3,0,0,2,4,6
R0080,RAP019,16,4,1,4,25,0,3,0,2,2,100,0,0,0,0,1,0,0,0,-4
R0080,RAP018,20,2,1,3,33.3,0,0,,0,0,,0,2,2,1,0,0,2,0,-6
R0080,RAP017,27,6,1,2,50,1,1,100,3,3,100,1,5,6,2,0,1,1,2,11
R0080,RAP013,36,16,6,13,46.2,2,8,25,2,2,100,0,5,5,11,0,0,3,4,15
R0080,RAP012,32,29,12,18,66.7,1,5,20,4,7,57.1,0,6,6,4,0,0,1,1,0
R0080,RAP008,10,0,0,2,0,0,0,,0,0,,0,1,1,0,0,0,0,1,-11
R0080,RAP006,31,12,4,8,50,1,2,50,3,4,75,0,3,3,5,0,2,3,1,-4
R0080,RAP003,19,8,3,6,50,2,3,66.7,0,0,,1,2,3,0,1,0,0,3,-7
R0081,RAP022,19,12,6,14,42.9,0,1,0,0,0,,2,3,5,0,0,3,1,2,-17
R0081,RAP020,37,23,8,10,80,3,5,60,4,4,100,1,9,10,1,0,0,3,2,19
R0081,RAP019,17,0,0,4,0,0,2,0,0,0,,1,1,2,1,1,0,2,1,-22
R0081,RAP018,21,23,7,7,100,4,4,100,5,6,83.3,0,3,3,1,1,0,0,2,4
R0081,RAP017,33,8,2,4,50,0,1,0,4,4,100,0,10,10,7,0,0,0,5,23
R0081,RAP013,42,5,1,8,12.5,0,5,0,3,4,75,0,9,9,5,3,0,2,2,7
R0081,RAP012,38,22,7,19,36.8,3,8,37.5,5,7,71.4,0,4,4,4,1,0,1,2,7
R0081,RAP006,22,3,1,8,12.5,1,6,16.7,0,0,,0,1,1,5,1,0,1,0,1
R0081,RAP003,35,21,7,13,53.8,5,9,55.6,2,2,100,0,3,3,2,0,2,1,1,18
R0082,RAP020,18,10,4,6,66.7,1,2,50,1,2,50,0,4,4,2,1,0,2,4,-2
R0082,RAP019,18,9,4,6,66.7,1,2,50,0,0,,1,4,5,2,0,0,2,2,24
R0082,RAP018,20,10,4,10,40,2,4,50,0,0,,0,5,5,2,1,0,1,3,22
R0082,RAP017,23,9,3,5,60,2,3,66.7,1,4,25,2,4,6,1,1,0,2,1,4
R0082,RAP016,9,3,1,2,50,0,0,,1,2,50,1,0,1,0,0,0,0,1,-6
R0082,RAP012,24,20,8,14,57.1,4,7,57.1,0,0,,0,6,6,1,1,1,1,0,10
R0082,RAP011,7,6,2,4,50,1,1,100,1,1,100,0,1,1,0,0,0,0,0,-8
R0082,RAP009,18,7,3,5,60,1,3,33.3,0,0,,0,1,1,1,0,0,1,1,20
R0082,RAP008,20,8,2,8,25,0,4,0,4,4,100,1,3,4,5,1,0,3,2,14
R0082,RAP006,27,16,6,12,50,2,5,40,2,2,100,0,2,2,4,3,0,1,1,4
R0082,RAP005,7,0,0,1,0,0,0,,0,0,,1,3,4,0,1,1,2,0,-8
R0082,RAP003,24,7,2,5,40,1,3,33.3,2,2,100,0,2,2,4,1,1,1,0,10
R0082,RAP001,25,15,7,10,70,1,3,33.3,0,0,,1,12,13,2,0,2,2,2,16
